search_phrase,result_number,url,matches_business,matched_business_name
Veterinarian near me,1,https://m.yelp.com/search?cflt=vet&find_loc=Freeland%2C+WA,False,
Veterinarian near me,2,https://southwhidbeyac.com/,True,South Whidbey Animal Clinic
Veterinarian near me,3,https://www.animalhospitalbythesea.com/,True,Animal Hospital By The Sea
Veterinarian near me,4,https://poulsboanimalclinic.com/,False,
Veterinarian near me,5,https://juanitahillsanimalhospital.com/,False,
Veterinarian near me,6,https://tendertouchvets.com/,False,
Veterinarian near me,7,https://www.cdvets.com/,False,
Veterinarian near me,8,https://shotvet.com/,False,
Veterinarian near me,9,https://urgentvet.com/locations/,False,
Veterinarian near me,10,https://www.carecredit.com/vetmed/costs/,False,
Veterinarian near me,11,https://im4pets.com/,False,
Veterinarian near me,12,https://www.yelp.com/biz/useless-bay-animal-clinic-freeland,True,"Useless Bay Animal Clinic, Pc."
Veterinarian near me,13,https://thevets.com/,False,
Veterinarian near me,14,https://www.veterinaryemergencygroup.com/,False,
Veterinarian near me,15,https://woodinvilleanimal.com/,False,
Veterinarian near me,16,https://www.intercityvet.com/,False,
Veterinarian near me,17,http://www.whidbeyvethousecalls.com/,False,
Veterinarian near me,18,https://woodinvilleveterinary.com/urgent-care/,False,
Veterinarian near me,19,https://briervet.com/,False,
Veterinarian near me,20,https://www.pethealthnetworkpro.com/web/30956986/id-6720;jsessionid=32F1F647972D087F2254BEAB28925ABE,False,
Veterinarian near me,21,https://seatownvet.com/,False,
Veterinarian near me,22,https://vsapps.aphis.usda.gov/vsps/public/VetSearch.do,False,
Veterinarian near me,23,https://www.northwhidbeyvet.com/,False,
Veterinarian near me,24,https://vcahospitals.com/find-a-hospital,False,
Veterinarian near me,25,https://www.vippetcare.com/,False,
Veterinarian near me,26,https://www.avma.org/,False,
Veterinarian near me,27,https://www.aaha.org/,False,
Veterinarian near me,28,https://www.banfield.com/,False,
Veterinarian near me,29,https://www.klahayavet.com/,False,
Veterinarian near me,30,https://www.petsmart.com/pet-services/petsmart-veterinary-care.html,False,
dog training near me,1,https://www.yelp.com/search?cflt=pet_training&find_loc=Mukilteo%2C+WA+98275,False,
dog training near me,2,https://www.reddit.com/r/Seattle/comments/14j47qx/affordable_dog_training_im_exhausted/,False,
dog training near me,3,https://www.kokorodog.com/,False,
dog training near me,4,https://www.petcoachtotherescue.com/,False,
dog training near me,5,https://ahimsadogtraining.com/,False,
dog training near me,6,https://www.barkbusters.com/dog-training/seattle-north/,False,
dog training near me,7,https://www.cascadekennels.com/dog-training/,False,
dog training near me,8,https://services.petsmart.com/training,False,
dog training near me,9,https://www.whidbeydogs.com/home,True,Whidbey Dog Works
dog training near me,10,https://www.7cedarsdogtraining.com/,True,Seven Cedars Dog Training
dog training near me,11,https://www.evergreenschoolfordogs.com/our-facility,False,
dog training near me,12,https://fairhavenvet.com/dog-training/,False,
dog training near me,13,https://hunting-washington.com/smf/index.php?topic=85797.0,False,
dog training near me,14,https://www.caninebcenter.com/mill-creek-wa,False,
dog training near me,15,https://www.laurelsaville.com/speak-dog-training/,False,
dog training near me,16,https://stellarcanineacademy.com/,False,
dog training near me,17,https://zoomroom.com/location/tacoma/,False,
dog training near me,18,https://apexcaninetraining.com/,False,
dog training near me,19,https://www.petco.com/shop/en/petcostore/s/petco-dog-training,False,
dog training near me,20,https://www.confidentcaninepuppytraining.com/about-me.html,False,
dog training near me,21,https://www.fluffybuttdogtraining.com/swimming,False,
dog training near me,22,http://gundogforum.com/forum/viewtopic.php?t=32935,False,
dog training near me,23,https://dogtrainingelite.com/,False,
dog training near me,24,https://www.akc.org/products-services/training-programs/,False,
dog training near me,25,https://prevailk9training.com/about,True,Prevail K9 Training
dog training near me,26,https://www.whisperingx.com/,False,
dog training near me,27,https://www.cedarwoods-k9.com/,False,
dog training near me,28,https://westseattleblog.com/forums-2/topic/dog-traininginstruction-recommendations/,False,
dog training near me,29,https://hunting-washington.com/smf/index.php?topic=240978.0,False,
dog training near me,30,https://happypoochsalon.com/dog-training/,False,
pet care near me,1,https://m.yelp.com/search?cflt=pet_sitting&find_loc=Freeland%2C+WA,False,
pet care near me,2,https://www.apcstanwood.com/,False,
pet care near me,3,https://www.yelp.com/biz/useless-bay-animal-clinic-freeland,True,"Useless Bay Animal Clinic, Pc."
pet care near me,4,https://services.petsmart.com/,False,
pet care near me,5,https://im4pets.com/,False,
pet care near me,6,https://southwhidbeyac.com/,True,South Whidbey Animal Clinic
pet care near me,7,https://www.animalhospitalbythesea.com/,True,Animal Hospital By The Sea
pet care near me,8,https://www.petbacker.com/s/pet-sitters-near-me,False,
pet care near me,9,https://www.petco.com/shop/en/petcostore/s/veterinary-services,False,
pet care near me,10,https://www.islandholisticpetcare.com/,False,
pet care near me,11,https://petvet.vippetcare.com/,False,
pet care near me,12,https://www.petsmart.com/pet-services/petsmart-veterinary-care.html,False,
pet care near me,13,https://www.banfield.com/,False,
pet care near me,14,https://juanitahillsanimalhospital.com/,False,
pet care near me,15,https://tendertouchvets.com/,False,
pet care near me,16,https://www.vippetcare.com/,False,
pet care near me,17,https://www.walmart.com/cp/pet-services/1327686,False,
pet care near me,18,https://www.humaneworld.org/en/resources/having-trouble-affording-your-pet,False,
pet care near me,19,https://www.care.com/pet-care,False,
pet care near me,20,https://sedrowoolleyveterinaryclinic.com/,False,
pet care near me,21,https://www.carecredit.com/doctor-locator/results/Animal-Pet-Care/Any-Specialty/,False,
pet care near me,22,https://www.thrivepetcare.com/location,False,
pet care near me,23,https://www.solarispetcare.com/,False,
pet care near me,24,https://www.punkinpiepetservices.net/,False,
pet care near me,25,https://www.thedogwoodonwhidbey.com/,False,
pet care near me,26,https://www.pethealthnetworkpro.com/web/30956986/id-5955,False,
pet care near me,27,https://www.facebook.com/apcstanwood/,False,
pet care near me,28,https://woodinvilleveterinary.com/urgent-care/,False,
pet care near me,29,https://thevets.com/,False,
pet care near me,30,https://whidbeypetnanny.com/,False,
fine art studio near me,1,https://www.whidbeyislandfas.com/,False,
fine art studio near me,2,https://freelandartstudios.com/,False,
fine art studio near me,3,https://whidbeycamanoislands.com/activities/whidbey-island-fine-art-studio/,False,
fine art studio near me,4,https://www.yelp.com/biz/whidbey-island-fine-art-studio-langley,False,
fine art studio near me,5,https://www.whidbeyislandfas.com/classes,False,
fine art studio near me,6,https://www.instagram.com/whidbeyfineartstudio/,False,
fine art studio near me,7,https://www.pratt.org/,False,
fine art studio near me,8,https://pacificnorthwestartschool.org/,False,
fine art studio near me,9,https://whidbeycamanoislands.com/four-island-art-schools/,False,
fine art studio near me,10,https://gageacademy.org/,False,
fine art studio near me,11,https://www.wayartstudio.com/biography/,False,
fine art studio near me,12,https://picketfenceartstudio.com/?srsltid=AfmBOooJ5v_nam_PMqwhRlcjibW7nZfNcXZTpFwHwkxWKUvqh0S8Y7NI,False,
fine art studio near me,13,https://feelartistic.org/,False,
fine art studio near me,14,https://www.bellevuestudio.com/,False,
fine art studio near me,15,https://www.facebook.com/WhidbeyIslandFAS/,False,
fine art studio near me,16,https://www.creativehandsstudio.net/?srsltid=AfmBOopr3pYdOCrpXgPqivDbmltQ0mGSSJow42UFcpMWki1bKrzxRTI0,False,
fine art studio near me,17,https://www.jansenartcenter.org/fine-art-painting/,False,
fine art studio near me,18,https://www.openartsstudio.com/,False,
fine art studio near me,19,https://www.wwu.edu/majors/art-studio,False,
fine art studio near me,20,https://www.yelp.com/search?cflt=artclasses&find_loc=Whidbey+Island%2C+WA,False,
fine art studio near me,21,https://www.facebook.com/FreelandArtStudios/,False,
fine art studio near me,22,https://studio-ufo.net/,False,
fine art studio near me,23,https://www.google.com/search?num=32,False,
fine art studio near me,24,https://www.seattleartmuseum.org/,False,
fine art studio near me,25,https://www.pstrstudio.com/?srsltid=AfmBOoqlW4TSAiQQBWPSHb8M5FqpUM2WoIIRXdfTrQ7wvvollezvdQVu,False,
fine art studio near me,26,https://www.youtube.com/watch?v=ETMA48NmE4o,False,
fine art studio near me,27,https://www.jerrysartarama.com/?srsltid=AfmBOorr-i1KWJNjc8y7BOkrqVV-YYFBmGfwSqZPp3p9zPG_exvBtG8v,False,
fine art studio near me,28,https://www.faso.com/,False,
fine art studio near me,29,https://whidbeyclaycenter.com/classes-1,True,Back Door Clay Community Studio
fine art studio near me,30,https://freelandartstudios.com/category/artists/,False,
church near me,1,https://m.yelp.com/search?cflt=churches&find_loc=Freeland%2C+WA,False,
church near me,2,https://trinitylutheranfreeland.org/,True,The Trinity Lutheran Church Of Freeland
church near me,3,http://clcwhidbey.com/,True,Christian Life Community Church Of Whidbey Island
church near me,4,https://www.canyonhillscommunitychurch.com/,False,
church near me,5,https://www.yelp.com/search?find_desc=Churches&find_loc=Mountlake+Terrace%2C+WA+98043,False,
church near me,6,https://www.staugustinesepiscopalchurch.org/,True,"St. Augustine'S In-The-Woods Episcopal Parish, Freeland,  Washington"
church near me,7,https://whidbeypres.org/,False,
church near me,8,https://www.lpchurch.com/,False,
church near me,9,https://www.icwhidbey.org/,True,The Christian And Missionary Alliance Church Of Langley
church near me,10,https://www.faithstreet.com/freeland-wa,False,
church near me,11,https://www.staugustineoh.org/,False,
church near me,12,https://oakharborlutheran.org/,False,
church near me,13,https://www.churchofjesuschrist.org/welcome/find-a-church?lang=eng,False,
church near me,14,https://www.life.church/,False,
church near me,15,https://www.facebook.com/TrinityLutheranChurchFreeland/,False,
church near me,16,https://ohfbc.org/,False,
church near me,17,https://www.hopechurchoh.org/,False,
church near me,18,https://www.ucc.org/,False,
church near me,19,https://kirklandchurch.com/,False,
church near me,20,https://churchbcc.org/,False,
church near me,21,https://cofchrist.org/,False,
church near me,22,https://www.whidbeygrace.org/,False,
church near me,23,https://www.gaychurch.org/find_a_church/,False,
church near me,24,https://www.9marks.org/church-search/,False,
church near me,25,https://nwcfoursquare.org/,False,
church near me,26,https://anglicanchurch.net/find-a-congregation/,False,
church near me,27,https://upci.org/,False,
church near me,28,https://lakesawyerchurch.org/,False,
church near me,29,https://frcoh.org/,False,
church near me,30,https://livinghopeonwhidbey.org/,False,
general contractor near me,1,https://www.yelp.com/search?find_desc=Contractors&find_loc=Freeland%2C+WA,False,
general contractor near me,2,https://www.bbb.org/near-me/general-contractor,False,
general contractor near me,3,https://www.bbb.org/us/wa/everett/category/general-contractor,False,
general contractor near me,4,https://www.contractorconnection.com/,False,
general contractor near me,5,https://www.eaglebuildingcompany.com/,True,Eagle Landscape Company
general contractor near me,6,https://www.houzz.com/professionals/general-contractor/probr0-bo~t_11786,False,
general contractor near me,7,https://www.thumbtack.com/k/general-contractors/near-me,False,
general contractor near me,8,https://borenconstruction.com/,True,Leroy M. Boren Construction
general contractor near me,9,https://www.whidbeylocal.com/businesses/search/1/general%20contractors,False,
general contractor near me,10,http://eaglebuildingcompany.org/,False,
general contractor near me,11,https://www.schisel.com/,True,Chrysalis Custom Builders
general contractor near me,12,https://www.angi.com/nearme/contractor/,False,
general contractor near me,13,https://www.aiconstructionllc.com/,False,
general contractor near me,14,https://whidbeystandtconstruction.com/,True,"Whidbey'S T&T Construction, Inc"
general contractor near me,15,https://www.valdezco.com/,False,
general contractor near me,16,https://m.yelp.com/search?cflt=contractors&find_loc=Steilacoom%2C+WA,False,
general contractor near me,17,https://coppertophomeconstruction.com/,False,
general contractor near me,18,https://www.homeadvisor.com/tloc/Oak-Harbor-WA/Major-Home-Repairs-General-Contractor/,False,
general contractor near me,19,https://www.soundconllc.com/,False,
general contractor near me,20,https://homeguide.com/general-contractors,False,
general contractor near me,21,https://www.angi.com/companylist/contractor.htm,False,
general contractor near me,22,https://www.whidbeyhomeremodel.com/,True,Whidbey Home Remodel And Repair
general contractor near me,23,https://secure.lni.wa.gov/verify/,False,
general contractor near me,24,https://www.contractorconnection.com/find-local-contractor-near-me,False,
general contractor near me,25,https://www.turnerconstruction.com/,False,
general contractor near me,26,https://www.unitedseattle.com/,False,
general contractor near me,27,https://www.jadecraftsmanbuilders.com/,True,Jade Craftsman Builders
general contractor near me,28,https://www.statefarm.com/claims/home-and-property/contractor-locator,False,
general contractor near me,29,https://realestate.usnews.com/real-estate/articles/tips-for-finding-a-reliable-home-contractor,False,
general contractor near me,30,https://www.houzz.com/professionals/general-contractor/whidbey-island-wa-us-probr0-bo~t_11786~r_101183934,False,
plumber near me,1,https://m.yelp.com/search?cflt=plumbing&find_loc=Freeland%2C+WA,False,
plumber near me,2,https://stollwerckplumbing.com/freeland-wa-plumber/,False,
plumber near me,3,https://www.bbb.org/near-me/plumber,False,
plumber near me,4,https://mutinybayplumbing.net/,False,
plumber near me,5,https://www.angi.com/nearme/plumbing/,False,
plumber near me,6,https://www.holmstadsplumbing.com/,False,
plumber near me,7,https://www.2sonsplumbing.com/plumbing-mill-creek-wa/,False,
plumber near me,8,https://www.2sonsplumbing.com/,False,
plumber near me,9,https://www.youtube.com/watch?v=Oo3P5YqWD28,False,
plumber near me,10,https://homeguide.com/plumbers,False,
plumber near me,11,https://fischerplumbing.com/,False,
plumber near me,12,https://stollwerckplumbing.com/clinton-wa-plumber/,False,
plumber near me,13,https://www.angi.com/companylist/us/wa/freeland/plumbing.htm,False,
plumber near me,14,https://www.rotorooter.com/tacoma/,False,
plumber near me,15,https://www.apolloplumbing.net/service-areas/mukilteo-wa-plumbing-services/,True,Apollo Drain Service
plumber near me,16,https://www.scottiesplumbing.com/,False,
plumber near me,17,https://www.thumbtack.com/k/affordable-plumbing-services/near-me,False,
plumber near me,18,https://www.barronheating.com/service-area/plumbing/oak-harbor-wa,False,
plumber near me,19,http://www.ua26.org/,False,
plumber near me,20,https://www.urbancompany.com/near-me/plumbers-near-me,False,
plumber near me,21,https://www.ars.com/plumbing,False,
plumber near me,22,https://www.expressplumbingserviceseverett.com/plumber-freeland/,False,
plumber near me,23,https://www.cpiplumbing.com/service-area/oak-harbor/,False,
plumber near me,24,https://www.rotorooter.com/,False,
plumber near me,25,https://www.rheem.com/find-a-pro/,False,
plumber near me,26,https://allbetterapp.com/plumber-near-me/,False,
plumber near me,27,https://www.yelp.com/nearme/cheap-plumbers,False,
plumber near me,28,https://www.plumbernearmellc.net/,False,
plumber near me,29,https://jarboes.com/emergency-plumber/,False,
plumber near me,30,https://www.acehardware.com/departments/plumbing,False,
electrician near me,1,https://www.yelp.com/search?cflt=electricians&find_loc=Freeland%2C+WA+98249,False,
electrician near me,2,https://www.bbb.org/us/wa/freeland/category/electrician,False,
electrician near me,3,https://goodsenseelectric.com/electrician-freeland-washington/,False,
electrician near me,4,https://www.bbb.org/near-me/electrician,False,
electrician near me,5,https://www.westsideelectricalnw.com/,False,
electrician near me,6,https://www.angi.com/companylist/seattle/electrical.htm,False,
electrician near me,7,https://www.thumbtack.com/k/local-electricians/near-me,False,
electrician near me,8,https://www.electricnsign.com/,False,
electrician near me,9,https://www.angi.com/nearme/electrical/,False,
electrician near me,10,https://www.electriciansquad.com/usa/emergency-electrician/wa/oak-harbor,False,
electrician near me,11,https://www.urbancompany.com/near-me/electrician-density-near-me,False,
electrician near me,12,https://www.whidbeylocal.com/businesses/search/1/electricians,False,
electrician near me,13,https://mrelectric.com/,False,
electrician near me,14,https://www.checkatrade.com/blog/electrician-near-me/,False,
electrician near me,15,https://homeguide.com/electricians,False,
electrician near me,16,https://www.mistersparkyokc.com/find-an-electrician,False,
electrician near me,17,https://www.mistersparky.com/locations/?srsltid=AfmBOorOSGFxyDksJifSxoygb9Y-W3X1HLzFr_vp4Z_JdD1YpmhcH2RS,False,
electrician near me,18,https://www.ibew191.com/,False,
electrician near me,19,https://www.westsideelectricalnw.com/html/about,False,
electrician near me,20,https://www.yelp.com/nearme/electricians,False,
electrician near me,21,https://vortexelectricnw.com/vancouver-wa/electrician-near-me/,False,
electrician near me,22,https://www.ibew.org/,False,
electrician near me,23,https://www.thumbtack.com/k/electricians/near-me,False,
electrician near me,24,https://www.youtube.com/watch?v=cw7CdX0ddAw,False,
electrician near me,25,https://www.fourseasonsheatingcooling.com/electrical/emergency-electrician/,False,
electrician near me,26,https://secure.lni.wa.gov/verify/,False,
electrician near me,27,https://www.prestigeelectricva.com/electrician-services,False,
electrician near me,28,https://www.herrmannservices.com/cincinnati-electricians/,False,
electrician near me,29,https://www.parkerandsons.com/electrical,False,
electrician near me,30,https://www.rexelusa.com/,False,
remodel near me,1,https://www.bbb.org/near-me/remodeling,False,
remodel near me,2,https://www.angi.com/nearme/home-remodeling/,False,
remodel near me,3,https://www.yelp.com/search?cflt=contractors&find_loc=Whidbey+Island%2C+WA,False,
remodel near me,4,https://www.homedepot.com/services/,False,
remodel near me,5,https://www.thumbtack.com/k/remodeling-contractors/near-me,False,
remodel near me,6,https://www.houzz.com/professionals/kitchen-and-bath-remodelers/probr0-bo~t_11825,False,
remodel near me,7,https://www.yelp.com/search?find_desc=Contractors&find_loc=Freeland%2C+WA,False,
remodel near me,8,https://www.homedepot.com/services/c/bathroom-remodel/d9843b7cb,False,
remodel near me,9,https://www.whidbeyhomeremodel.com/,True,Whidbey Home Remodel And Repair
remodel near me,10,https://www.bathfitter.com/,False,
remodel near me,11,https://powerhrg.com/,False,
remodel near me,12,https://www.houzz.com/professionals/home-remodeling/probr0-bo~t_34257,False,
remodel near me,13,https://homeguide.com/home-remodeling,False,
remodel near me,14,https://www.bbb.org/near-me/bathroom-remodel,False,
remodel near me,15,https://www.boschconstructionwa.com/home-remodeling/,False,
remodel near me,16,https://coppertophomeconstruction.com/,False,
remodel near me,17,https://heartmt.com/,False,
remodel near me,18,https://www.angi.com/companylist/kitchen-and-bath-remodeling.htm,False,
remodel near me,19,https://www.facebook.com/groups/2014055912160681/,False,
remodel near me,20,https://www.taskremodeling.com/,False,
remodel near me,21,https://www.idealhomeimprovementsolution.com/,False,
remodel near me,22,https://jacuzzibathremodel.com/service-areas/,False,
remodel near me,23,https://www.rebath.com/find-a-location/,False,
remodel near me,24,https://www.higgasonhomes.com/kirkland-home-remodeling/,False,
remodel near me,25,https://www.aiconstructionllc.com/,False,
remodel near me,26,https://www.classicremodelingnw.com/,False,
remodel near me,27,https://www.armadahomeremodelingseattle.com/bellevue-home-remodeling/,False,
remodel near me,28,https://seattlerenovationgroup.com/home-remodeling-bellingham-wa/,False,
remodel near me,29,https://www.homeadvisor.com/c.Additions-Remodeling.Graham.WA.-12001.html,False,
remodel near me,30,https://www.schisel.com/,True,Chrysalis Custom Builders
homeschooling near me,1,https://washhomeschool.org/resources/support-groups-co-ops/,False,
homeschooling near me,2,https://connectionsnw.org/,False,
homeschooling near me,3,https://www.thehomeschoolmom.com/homeschooling-in-washington/homeschool-organizations-support-groups/,False,
homeschooling near me,4,https://theservissgroup.com/blog1/comprehensive-homeschool-resources-and-co-ops-in-snohomish-county-wa-a-guide-for-washington-families,False,
homeschooling near me,5,https://www.facebook.com/groups/219782959216734/,False,
homeschooling near me,6,https://seattle.kidsoutandabout.com/content/homeschool-groups-and-programs-and-around-seattle,False,
homeschooling near me,7,https://connectionsnw.org/explore,False,
homeschooling near me,8,https://washhomeschool.org/,False,
homeschooling near me,9,https://www.thehomeschoolmom.com/homeschooling-in-washington/homeschool-co-ops-academic-enrichment-classes/,False,
homeschooling near me,10,https://www.homeschool.com/supportgroups/,False,
homeschooling near me,11,https://my.hslda.org/groups/s/,False,
homeschooling near me,12,https://leaffamilyacademy.org/,False,
homeschooling near me,13,https://www.mountvernonschools.org/node/151,False,
homeschooling near me,14,https://homeschoolersofwhatcom.com/,False,
homeschooling near me,15,https://www.powerhomeschool.org/,False,
homeschooling near me,16,https://www.time4learning.com/homeschooling/washington/local-groups-co-ops.html,False,
homeschooling near me,17,https://www.hcceverett.org/,False,
homeschooling near me,18,https://chc.education/,False,
homeschooling near me,19,https://homeschoolersofwhatcom.com/local-resources/,False,
homeschooling near me,20,https://explorehomeschooling.com/listings/whidbey-island-homeschoolers-unschoolers-and-beyond/,False,
homeschooling near me,21,"https://localhs.com/?Island,WA",False,
homeschooling near me,22,https://www.stanwood.wednet.edu/for-students-families/homeschool,False,
homeschooling near me,23,https://classicalconversations.com/,False,
homeschooling near me,24,https://www.k12.com/,False,
homeschooling near me,25,"https://localhs.com/?Snohomish,WA",False,
homeschooling near me,26,https://www.youtube.com/watch?v=qZobDbE6phc,False,
homeschooling near me,27,https://www.facebook.com/groups/658746787508639/,False,
homeschooling near me,28,https://www.home-school.com/groups/WA.php,False,
homeschooling near me,29,https://multcolib.org/community/local-homeschooling-organizations,False,
homeschooling near me,30,https://portland.kidsoutandabout.com/content/homeschool-groups-and-programs-and-around-portland,False,
gym near me,1,/search?num=32,False,
gym near me,2,https://m.yelp.com/search?find_desc=Bodybuilding+Gym&find_loc=Freeland%2C+WA,False,
gym near me,3,https://islandathleticclub.com/,True,Island Nautilus
gym near me,4,https://www.anytimefitness.com/find-gym/,False,
gym near me,5,https://pursuitfitness.org/lake-stevens/,False,
gym near me,6,https://www.planetfitness.com/gyms/,False,
gym near me,7,https://425fitness.com/,False,
gym near me,8,https://igniteyourfitness4.wixsite.com/ignitefitness,False,
gym near me,9,https://www.24hourfitness.com/gyms/seattle-wa,False,
gym near me,10,https://turnsuperfit.com/,False,
gym near me,11,https://www.crunch.com/,False,
gym near me,12,https://bellinghamevo.com/,False,
gym near me,13,https://www.planetfitness.com/gyms/oak-harbor-wa/,False,
gym near me,14,https://www.goldsgym.com/,False,
gym near me,15,https://www.northendfitnesscenter.com/,False,
gym near me,16,https://www.24hourfitness.com/gyms/kent-wa,False,
gym near me,17,https://www.southislandcrossfit.com/,True,South Island Crossfit
gym near me,18,https://www.anytimefitness.com/,False,
gym near me,19,https://www.mygym.com/,False,
gym near me,20,https://www.crossfit.com/,False,
gym near me,21,https://www.ufcgym.com/locations,False,
gym near me,22,https://www.equinox.com/,False,
gym near me,23,https://www.eosfitness.com/gym/search,False,
gym near me,24,https://www.snapfitness.com/us/gyms,False,
gym near me,25,https://retrofitness.com/,False,
gym near me,26,https://www.barrys.com/studios/,False,
gym near me,27,https://f45training.com/,False,
gym near me,28,https://www.seattleymca.org/,False,
gym near me,29,https://www.jazzercise.com/in-studio/find-your-location,False,
gym near me,30,https://www.crunch.com/locations,False,
martial arts near me,1,https://www.yelp.com/search?find_desc=Martial+Arts&find_loc=Whidbey+Island%2C+WA,False,
martial arts near me,2,https://zendragonmartialarts.com/locations/mill-creek/,False,
martial arts near me,3,https://www.kitsapmartialarts.com/,False,
martial arts near me,4,https://whidbeyisland.us/karate-classes-whidbey-island/,False,
martial arts near me,5,https://premiermartialarts.com/washington-everett/,False,
martial arts near me,6,https://www.reddit.com/r/Bellingham/comments/13u1nsn/can_anyone_recommend_a_good_place_in_town_to_take/,False,
martial arts near me,7,https://www.yelp.com/search?cflt=martialarts&find_loc=Bothell%2C+WA,False,
martial arts near me,8,https://www.northendfitnesscenter.com/chimera,False,
martial arts near me,9,https://tigermartialarts.info/,True,Tiger Martial Arts
martial arts near me,10,https://www.woodwardstkd.com/,False,
martial arts near me,11,https://www.rocksolidmartialarts.com/,False,
martial arts near me,12,https://marysvillemartialarts.com/adult-martial-art-classes-marysville-washinton/,False,
martial arts near me,13,https://premiermartialarts.com/washington-bothell/,False,
martial arts near me,14,http://www.charliescombatclub.com/,False,
martial arts near me,15,https://www.atamartialarts.com/,False,
martial arts near me,16,https://washingtonhanmudo.com/,False,
martial arts near me,17,https://www.groupon.com/local/martial-arts?srsltid=AfmBOorg2yENHEuw3eMh2cIfsC_hAWV964rtXB5h0IkX9MRrMvJuMFo7,False,
martial arts near me,18,https://www.purefitnessmartialarts.com/,False,
martial arts near me,19,https://westfamilyma.com/,False,
martial arts near me,20,https://unbridledmartialarts.com/,False,
martial arts near me,21,https://www.superprof.com/lessons/martial-arts/united-states/,False,
martial arts near me,22,https://tigermartialarts.info/index.php/about/,True,Tiger Martial Arts
martial arts near me,23,https://pullmanmartialarts.com/,False,
martial arts near me,24,https://centurymartialarts.com/?srsltid=AfmBOor11kj_-ICQnekLyS6t7rlg86TrkLZbpgV20rloLOOhjy1IJm_s,False,
martial arts near me,25,https://www.westcoastfightclub.org/,False,
martial arts near me,26,https://www.youtube.com/watch?v=tI_pQ5Y7Za4,False,
martial arts near me,27,https://www.facebook.com/PacificMartialArtsOfEverett/,False,
martial arts near me,28,https://www.whidbeyislandmartialarts.com/,False,
martial arts near me,29,https://parks.lacounty.gov/martial-arts/,False,
martial arts near me,30,https://www.daytonymca.org/programs/martial-arts,False,
farm near me,1,https://whidbeycamanoislands.com/visiting-farms/,False,
farm near me,2,https://www.yelp.com/search?find_desc=Petting+Farm&find_loc=Lynnwood%2C+WA,False,
farm near me,3,https://www.swanstrailfarms.com/attractions.aspx,False,
farm near me,4,https://agr.wa.gov/departments/business-and-marketing-support/farm-to-school-toolkit/for-districts-school-nutrition-local-food/finding-farms,False,
farm near me,5,https://www.reddit.com/r/Seattle/comments/15cc78n/what_are_the_nearest_farms_to_seattle_where_i/,False,
farm near me,6,https://www.yelp.com/search?find_desc=Petting+Farm&find_loc=Bellingham%2C+WA,False,
farm near me,7,https://localhens.com/find-a-farm/,False,
farm near me,8,https://www.blackberryfarm.com/,False,
farm near me,9,https://www.whidbeyfarmstands.com/,False,
farm near me,10,https://www.fsa.usda.gov/,False,
farm near me,11,https://www.tripadvisor.com/Attractions-g58747-Activities-c47-t122-Snohomish_Washington.html,False,
farm near me,12,https://www.seattleschild.com/7-best-family-farms-and-petting-zoos-around-seattle/,False,
farm near me,13,https://www.hollyfarmbothell.com/the-farm,False,
farm near me,14,https://www.farmers.gov/working-with-us/service-center-locator,False,
farm near me,15,https://www.bristolfarms.com/,False,
farm near me,16,https://triskeleefarm.com/,False,
farm near me,17,https://foxtailfarmorganics.com/,True,Foxtail Farm
farm near me,18,https://farmstores.com/,False,
farm near me,19,https://www.farmwild.love/,False,
farm near me,20,https://www.farmers.gov/your-business/beginning-farmers,False,
farm near me,21,https://www.tanakafarms.com/,False,
farm near me,22,https://www.pheasantfields.com/,False,
farm near me,23,https://www.youtube.com/watch?v=K3cA1wXjz68,False,
farm near me,24,https://pdxparent.com/field-trip-animal-farm/,False,
farm near me,25,https://www.farmstore.com/?srsltid=AfmBOorToOOTcuRxiyuKTIvzWp0flQEpPwRsqKyCYDQvXeMU_JjeAi6O,False,
farm near me,26,https://southernhillfarms.com/,False,
farm near me,27,https://thelasvegasfarm.com/,False,
farm near me,28,https://attwellfarmpark.co.uk/,False,
farm near me,29,https://www.landandfarm.com/,False,
farm near me,30,https://agwestfc.com/,False,
naturopathic care near me,1,https://m.yelp.com/search?cflt=naturopathic&find_loc=Freeland%2C+WA,False,
naturopathic care near me,2,https://www.snohomishnaturopathic.com/,False,
naturopathic care near me,3,https://stanwoodintegrativemedicine.com/,False,
naturopathic care near me,4,https://bastyrclinics.org/seattle,False,
naturopathic care near me,5,https://naturopathic.org/search/custom.asp?id=5613,False,
naturopathic care near me,6,https://www.wanp.org/find-a-doctor/,False,
naturopathic care near me,7,https://www.andersonnaturalmedicine.net/about.asp,False,
naturopathic care near me,8,https://www.eastsidenaturalmedicine.com/,False,
naturopathic care near me,9,https://www.healthprofs.com/us/naturopaths/washington?category=molina,False,
naturopathic care near me,10,https://www.bellinghamnaturalhealthclinic.com/,False,
naturopathic care near me,11,https://www.corneronwellness.com/naturopath-near-me-kirkland-washington/,False,
naturopathic care near me,12,https://www.jangaardclinic.com/,True,"Robert Jangaard, P.S."
naturopathic care near me,13,https://www.healthprofs.com/us/naturopaths/wa/mill-creek,False,
naturopathic care near me,14,https://spu.edu/academics/college-of-arts-sciences/biology/pphs/pphs/health-professions/naturopathic-medicine,False,
naturopathic care near me,15,https://ismhealth.org/,False,
naturopathic care near me,16,https://www.treeofhealthmedicine.com/,False,
naturopathic care near me,17,https://bastyr.edu/,False,
naturopathic care near me,18,https://www.thenaturalpathtohealing.com/,False,
naturopathic care near me,19,https://www.shhclinic.com/our-services,False,
naturopathic care near me,20,http://www.ncoh.net/,False,
naturopathic care near me,21,https://purityhealth.net/,False,
naturopathic care near me,22,https://www.resiliencenaturalmedicine.com/,False,
naturopathic care near me,23,http://naturopathicdoc.com/,False,
naturopathic care near me,24,https://www.zocdoc.com/naturopathic-doctors/blue-cross-blue-shield-304m,False,
naturopathic care near me,25,https://www.northwestlifemedicineclinic.com/,False,
naturopathic care near me,26,https://doctorherdmanclinic.com/,False,
naturopathic care near me,27,https://www.evergreennaturopathic.com/,False,
naturopathic care near me,28,http://harmonynaturalwellness.com/,False,
naturopathic care near me,29,https://www.northwestlifemedicineclinic.com/about,False,
naturopathic care near me,30,https://www.drclara.com/services,False,
counseling near me,1,https://www.psychologytoday.com/us/therapists/wa/freeland,False,
counseling near me,2,https://www.yelp.com/search?cflt=c_and_mh&find_loc=Freeland%2C+WA+98249,False,
counseling near me,3,https://www.psychologytoday.com/us/therapists/wa/whidbey-island-n,False,
counseling near me,4,https://carriepottercounseling.com/,False,
counseling near me,5,http://davewildertherapy.com/index.html,False,
counseling near me,6,https://www.goodtherapy.org/find-therapist.html,False,
counseling near me,7,https://www.reddit.com/r/everett/comments/10m4yhr/looking_for_mental_healthcare_in_the_area/,False,
counseling near me,8,https://www.militaryonesource.mil/resources/tools/mflc-locator/,False,
counseling near me,9,https://www.talkspace.com/,False,
counseling near me,10,https://seadriftcounseling.com/,False,
counseling near me,11,https://www.militaryonesource.mil/benefits/confidential-counseling/,False,
counseling near me,12,https://whidbeyhealth.org/services/behavioral-health/,False,
counseling near me,13,https://www.betterhelp.com/advice/therapy/how-do-i-find-a-therapist-near-me/,False,
counseling near me,14,/search?num=32,False,
counseling near me,15,https://www.militaryonesource.mil/benefits/confidential-counseling/,False,
counseling near me,16,https://www.reddit.com/r/everett/comments/10m4yhr/looking_for_mental_healthcare_in_the_area/,False,
counseling near me,17,https://headway.co/,False,
counseling near me,18,https://www.reddit.com/r/Seattle/comments/1yodb8/free_counselingtherapy/,False,
counseling near me,19,https://www.talkspace.com/,False,
counseling near me,20,https://whidbeyhealth.org/services/behavioral-health/,False,
counseling near me,21,https://seadriftcounseling.com/,False,
counseling near me,22,https://breathingspacecounselingclinic.com/,False,
counseling near me,23,https://www.consumerfinance.gov/find-a-housing-counselor/,False,
counseling near me,24,https://www.betterhelp.com/,False,
counseling near me,25,https://www.counselling-directory.org.uk/,False,
counseling near me,26,https://www.skagitbehavioralhealth.com/meet-our-providers,False,
counseling near me,27,https://www.seattleu.edu/academics/all-programs/clinical-mental-health-counseling-online-maed/,False,
counseling near me,28,https://www.justice.gov/ust/list-credit-counseling-agencies-approved-pursuant-11-usc-111,False,
counseling near me,29,https://www.nhs.uk/mental-health/talking-therapies-medicine-treatments/talking-therapies-and-counselling/counselling/,False,
counseling near me,30,https://www.compasshealth.org/,False,
coaching near me,1,https://seattlelifecoachtraining.com/,False,
coaching near me,2,https://www.thumbtack.com/k/personal-life-coaches/near-me,False,
coaching near me,3,https://www.coachup.com/,False,
coaching near me,4,https://www.bark.com/en/us/life-coaching/,False,
coaching near me,5,https://www.superprof.com/lessons/life-coaching/united-states/,False,
coaching near me,6,https://coachingfederation.org/find-a-coach,False,
coaching near me,7,https://www.washingtonpremierfc.com/programs/private-training/,False,
coaching near me,8,https://athletesuntapped.com/,False,
coaching near me,9,https://www.pga.com/coach?srsltid=AfmBOooJ1GtRhhUptEzTFXc5QBZV0XBJTRNqLeRtBrM9I6xPxlQN_qf2,False,
coaching near me,10,https://coaching.startingstrength.com/,False,
coaching near me,11,https://www.bark.com/en/us/business-career-coaching/,False,
coaching near me,12,https://www.motorcyclecoaching.org/findacoach,False,
coaching near me,13,https://www.superprof.com/lessons/career-coaching/united-states/,False,
coaching near me,14,https://www.gallup.com/learning/certification/en/directory,False,
coaching near me,15,https://www.redcross.org/take-a-class?srsltid=AfmBOoqlCzH4dKkErJysInz3ZZRPDamLO8PsMngZDpIABY_eoTdf4rES,False,
coaching near me,16,https://reallifee.com/wp/get-1-on-1-support,False,
coaching near me,17,https://www.dalecarnegie.com/en,False,
coaching near me,18,https://sethperler.com/educational-coaching-2/,False,
coaching near me,19,https://www.yelp.com/search?cflt=lifecoach&find_loc=Whidbey+Island%2C+WA,False,
coaching near me,20,https://www.pga.com/coaches/search?srsltid=AfmBOorrD4jQScMwFlLwL1pHTGve_LNSypzde-_ITF8Akzlhz7hG3OVU,False,
coaching near me,21,https://www.usarchery.org/coaches/find-a-coach,False,
coaching near me,22,https://www.pageantplanet.com/directory/category/coach?srsltid=AfmBOoppW14ByLm2n8pRzYiw8scFN1_sIotoncZwwB_Y3_IWh8K-KUVN,False,
coaching near me,23,https://islandathleticclub.com/,True,Island Nautilus
coaching near me,24,https://www.taramohr.com/courses/the-coaching-way/,False,
coaching near me,25,https://www.littleleague.org/coaches/,False,
coaching near me,26,https://www.yelp.com/search?find_desc=Personal+Training&find_loc=Enumclaw%2C+WA+98022,False,
coaching near me,27,https://acacoaches.com/,False,
coaching near me,28,https://www.d1training.com/,False,
coaching near me,29,https://learning.ussoccer.com/,False,
coaching near me,30,https://www.specialolympics.org/get-involved/coach,False,
dentist near me,1,https://m.yelp.com/search?cflt=dentists&find_loc=Freeland%2C+WA,False,
dentist near me,2,https://www.freelandfamilydentalwa.com/,True,"Kyle Fukano, D.D.S., Pllc"
dentist near me,3,https://www.whidbeyislandsmiles.com/,True,"Brandon L. Biehler, Dmd, Pllc"
dentist near me,4,https://www.saratoga-dental.com/,False,
dentist near me,5,https://www.yelp.com/biz/freeland-family-dental-freeland,False,
dentist near me,6,https://www.deltadental.com/us/en/member/find-a-dentist/washington/seattle-dentists.html,False,
dentist near me,7,https://www.deltadentalwa.com/,False,
dentist near me,8,https://www.unitedconcordia.com/find-a-dentist/,False,
dentist near me,9,https://www.dentaquest.com/en/find-a-dentist,False,
dentist near me,10,https://www.whidbeydental.com/,False,
dentist near me,11,https://www.theforumdentalgroup.com/,False,
dentist near me,12,https://www.insurekidsnow.gov/find-a-dentist,False,
dentist near me,13,https://accentdentalcenter.com/,False,
dentist near me,14,https://www.deltadental.com/us/en/member/find-a-dentist.html,False,
dentist near me,15,https://www.harbourpointefamilydentistry.com/,False,
dentist near me,16,https://progressivedentalnw.com/,False,
dentist near me,17,https://www.lemmedentalstudio.com/,False,
dentist near me,18,https://locator.mcna.net/,False,
dentist near me,19,https://www.harbourpointedentalarts.com/index.html,False,
dentist near me,20,https://www.coupevilledental.com/,False,
dentist near me,21,https://www.buffalosquaredental.com/,False,
dentist near me,22,https://www.molinahealthcare.com/members/wa/hp/medicaid/imc/covered/dental.aspx,False,
dentist near me,23,https://www.guardianlife.com/find-a-dentist,False,
dentist near me,24,https://www.libertydentalplan.com/Find-a-Dentist/Find-a-Dentist.aspx,False,
dentist near me,25,https://providers.online.metlife.com/findDentist?searchType=findDentistMetLife,False,
dentist near me,26,https://www.wedentalnw.com/,False,
dentist near me,27,https://findadentist.ada.org/,False,
dentist near me,28,https://mintdentistry.com/find-a-dentist-near-me,False,
dentist near me,29,https://www.islandfamilydentistry.com/,False,
dentist near me,30,https://www.pacificdentalservices.com/,False,
hair salon near me,1,https://www.yelp.com/search?cflt=hair&find_loc=Freeland%2C+WA+98249,False,
hair salon near me,2,https://www.yelp.com/biz/island-style-salon-freeland,False,
hair salon near me,3,https://www.greatclips.com/,False,
hair salon near me,4,https://mysite.vagaro.com/thehivesalonco,False,
hair salon near me,5,https://www.supercuts.com/,False,
hair salon near me,6,https://www.groupon.com/local/hair-salons?srsltid=AfmBOoo5qCMIpT3ExhnYT4IYsJnRBsM6k2G-ghE9npDcgeidv_lTGZD8,False,
hair salon near me,7,https://www.seasidespaandsalon.com/,False,
hair salon near me,8,https://www.blushhairstudiooakharbor.com/,False,
hair salon near me,9,https://salonbellawhidbey.com/about,True,Salon Bella
hair salon near me,10,https://www.ellemariehairstudio.com/locations/woodinvillelocation/,False,
hair salon near me,11,https://www.smartstyle.com/,False,
hair salon near me,12,https://booksy.com/en-us/,False,
hair salon near me,13,https://www.devacurl.com/finder,False,
hair salon near me,14,http://www.rumoursaveda.net/,True,Rumours
hair salon near me,15,https://www.ulta.com/beautyservices/hair-salon,False,
hair salon near me,16,https://sportclips.com/,False,
hair salon near me,17,https://www.ladyjanes.com/,False,
hair salon near me,18,https://www.haircuttery.com/locations/,False,
hair salon near me,19,https://houseofhebe.com/,False,
hair salon near me,20,https://kailastrendsntrims.com/,False,
hair salon near me,21,https://www.studioasaloninc.com/hair-services,True,Studio A
hair salon near me,22,https://www.redken.com/salon-locator?srsltid=AfmBOorC71BplmiE21AGS3JsufPq86h4JI1_vM9Ysqy1M_YqRXUIyUXG,False,
hair salon near me,23,https://www.costcutters.com/,False,
hair salon near me,24,https://www.kerastase-usa.com/salonlocator?srsltid=AfmBOopO6M57pRkMzzTnLj7ONFZTfC75z3eiyxcgUpkoL1192L5Z0F0n,False,
hair salon near me,25,https://fash.com/hair-salons,False,
hair salon near me,26,https://www.haircutsarefun.com/,False,
hair salon near me,27,https://www.madison-reed.com/colorbar/locations?srsltid=AfmBOorfmS9MHATwyBgfk_j7wB1a5Jkg-pxDosQEo_hcvmNo8cd83wPT,False,
hair salon near me,28,https://www.ulta.com/beautyservices/all,False,
hair salon near me,29,https://www.haircuttery.com/,False,
hair salon near me,30,https://www.google.com/search?num=32,False,
massage near me,1,https://www.yelp.com/search?find_desc=Massage&find_loc=Freeland%2C+WA+98249,False,
massage near me,2,https://www.massagebook.com/search/WA/Freeland/massage-therapy,False,
massage near me,3,https://www.massagebook.com/search/WA/Freeland/massage-therapy/DragonflyMassageonWhidbey,False,
massage near me,4,https://www.massageenvy.com/,False,
massage near me,5,https://moondickson.com/,False,
massage near me,6,http://www.soulmassagemillcreek.com/,False,
massage near me,7,https://whidbeybodyharmony.com/,False,
massage near me,8,https://www.amtamassage.org/find-massage-therapist/,False,
massage near me,9,https://islandathleticclub.com/services/massage/,True,Island Nautilus
massage near me,10,https://www.yelp.com/search?find_desc=Massage&find_loc=Bellevue%2C+WA,False,
massage near me,11,https://www.groupon.com/local/massage?srsltid=AfmBOorbEyPBQgXnSZ-CsqCH45SmY2rg-a0HQAVDLRn5yUk9_B8eRJSZ,False,
massage near me,12,https://www.spafinder.com/find/massage/,False,
massage near me,13,https://www.stilllifemassage.com/,False,
massage near me,14,https://www.seasidespaandsalon.com/,False,
massage near me,15,https://www.massageenvy.com/massage/personalized-experience/deep-tissue-massage,False,
massage near me,16,https://handandstone.com/,False,
massage near me,17,https://brendabinkerd.massagetherapy.com/,False,
massage near me,18,https://elementsmassage.com/massage-places-near-me,False,
massage near me,19,https://yuanspa.com/,False,
massage near me,20,https://www.flourishwellspa.com/,False,
massage near me,21,https://thenowmassage.com/boutiques,False,
massage near me,22,https://massageluxe.com/locations/,False,
massage near me,23,https://www.woodhousespas.com/,False,
massage near me,24,https://www.massagewarehouse.com/?srsltid=AfmBOorJBi_rXy3di8lhK5fjh3l6iuz-KDGW0bESeo0cuqpEl38qbOOy,False,
massage near me,25,https://lismassagetherapy.com/,False,
massage near me,26,https://www.costco.com/massage-chairs-cushions.html,False,
massage near me,27,https://www.facebook.com/MassageHeightsJohnston/videos/hey-alexa-find-massage-therapy-near-me/1457098914842604/,False,
massage near me,28,https://www.spafinder.com/,False,
massage near me,29,https://www.massagefinder.com/,False,
massage near me,30,https://whidbeymassagetherapy.com/,False,
pilates near me,1,https://www.pilatescollective.studio/,False,
pilates near me,2,https://m.yelp.com/search?cflt=pilates&find_loc=Freeland%2C+WA,False,
pilates near me,3,https://www.clubpilates.com/,False,
pilates near me,4,https://www.pilatesbythebay.com/,False,
pilates near me,5,https://www.studiovalence.com/,False,
pilates near me,6,https://www.clubpilates.com/location/millcreekplaza,False,
pilates near me,7,https://solidcore.co/,False,
pilates near me,8,https://www.joyofpilates.net/,False,
pilates near me,9,https://www.facebook.com/pilatescollectivefreeland/,False,
pilates near me,10,https://www.groupon.com/local/pilates?srsltid=AfmBOoqCYf3VA_WGNuEH3JXb15QhluQZuTuLyRyr26eYxJ8CdzypH31z,False,
pilates near me,11,https://www.beeauthenticpilates.com/,False,
pilates near me,12,https://bodyrok.com/studios/,False,
pilates near me,13,https://www.facebook.com/pilatescollectiveoakharbor/,False,
pilates near me,14,https://www.puregym.com/classes/pilates/,False,
pilates near me,15,https://www.youtube.com/c/MoveWithNicole,False,
pilates near me,16,https://solidcore.co/studios/,False,
pilates near me,17,https://www.corehavn.com/,False,
pilates near me,18,https://www.youtube.com/watch?v=ezke0GlKeM4,False,
pilates near me,19,https://islandathleticclub.com/,True,Island Nautilus
pilates near me,20,https://www.pilates.com/collections/pilates-reformers/,False,
pilates near me,21,https://www.corepoweryoga.com/,False,
pilates near me,22,https://www.youtube.com/watch?v=K56Z12XNQ5c,False,
pilates near me,23,https://www.instagram.com/pilatescollectivestudio/,False,
pilates near me,24,https://www.instagram.com/reel/DHgqYdjpAvf/,False,
pilates near me,25,http://www.whidbeyperformancept.com/,True,"Whidbey Performance Physical Therapy, Pllc"
pilates near me,26,https://fit407.com/,False,
pilates near me,27,https://www.pilatescollective.studio/freeland,False,
pilates near me,28,https://www.purebarre.com/location-search,False,
pilates near me,29,https://tools.silversneakers.com/Classes,False,
pilates near me,30,https://thestudiopilates.com/,False,
marketing services near me,1,https://m.yelp.com/search?find_desc=Digital+Marketing+Agency&find_loc=Mukilteo%2C+WA,False,
marketing services near me,2,https://tilladelsemarketingagency.com/digital-marketing/everett/wa/,False,
marketing services near me,3,https://fujisanmarketing.com/,False,
marketing services near me,4,https://www.baylii.com/,False,
marketing services near me,5,https://clutch.co/agencies/digital-marketing/seattle,False,
marketing services near me,6,https://www.beliefagency.com/,False,
marketing services near me,7,https://www.semrush.com/agencies/list/seattle/small-business/,False,
marketing services near me,8,https://www.white.am/,False,
marketing services near me,9,https://www.thumbtack.com/k/marketing/near-me,False,
marketing services near me,10,https://ethoseo.com/,False,
marketing services near me,11,https://www.yelp.com/nearme/marketing-agencies,False,
marketing services near me,12,https://thriveagency.com/bellevue-digital-marketing-agency/,False,
marketing services near me,13,https://tilladelsemarketingagency.com/digital-marketing/tacoma/wa/,False,
marketing services near me,14,https://www.lyfemarketing.com/,False,
marketing services near me,15,https://www.designrush.com/agency/digital-marketing,False,
marketing services near me,16,https://www.multiview.com/,False,
marketing services near me,17,https://www.godaddy.com/online-marketing/digital-marketing-services,False,
marketing services near me,18,https://www.archway.com/,False,
marketing services near me,19,https://localview.link/digital-marketing-oak-harbor-wa/,False,
marketing services near me,20,https://www.ama.org/,False,
marketing services near me,21,https://www.whidbeylocal.com/advertise,False,
marketing services near me,22,https://www.expertise.com/business/digital-marketing-agencies/washington/kirkland,False,
marketing services near me,23,https://www.joycodigital.com/,False,
marketing services near me,24,https://www.umbrellaus.com/,False,
marketing services near me,25,https://hawksem.com/blog/marketing-agency-pricing/,False,
marketing services near me,26,https://www.linkedin.com/services/cl2/digital-marketers-bellingham-washington,False,
marketing services near me,27,https://hennessey.com/digital-marketing-services/who-needs-digital-marketing-services/,False,
marketing services near me,28,https://www.ams.usda.gov/node/1,False,
marketing services near me,29,https://marketingniceguys.com/,False,
marketing services near me,30,https://www.bluecorona.com/digital-marketing/hvac/,False,
web design near me,1,https://thrive.design/,False,
web design near me,2,https://www.upwork.com/hire/web-designers/us/seattle-wa/,False,
web design near me,3,https://www.thumbtack.com/k/freelance-web-designers/near-me,False,
web design near me,4,https://matthewwoodard.com/,False,
web design near me,5,https://www.bark.com/en/us/web-design/,False,
web design near me,6,https://fairhavenwebdesign.com/,False,
web design near me,7,https://www.yelp.com/nearme/website-designers,False,
web design near me,8,https://www.wix.com/marketplace/hire/web-design,False,
web design near me,9,https://visualwebz.com/website-designer-near-me-in-seattle/,False,
web design near me,10,https://thervo.com/web-design,False,
web design near me,11,https://www.yelp.com/search?cflt=web_design&find_loc=Seattle%2C+WA,False,
web design near me,12,https://www.designrush.com/agency/website-design-development/washington/seattle,False,
web design near me,13,https://www.reddit.com/r/smallbusiness/comments/15iybvv/any_suggestions_on_how_can_one_find_web_design/,False,
web design near me,14,https://webdesigner.withgoogle.com/,False,
web design near me,15,https://www.reddit.com/r/web_design/comments/twy15q/where_do_i_find_a_really_good_web_designer/,False,
web design near me,16,https://ravenousravendesign.com/,False,
web design near me,17,https://www.whidbeylocalwebdesign.com/,False,
web design near me,18,https://clutch.co/web-designers/washington,False,
web design near me,19,https://www.godaddy.com/websites/web-design,False,
web design near me,20,https://designpowers.com/blog/25-questions-to-ask-your-website-designer-before-hiring,False,
web design near me,21,https://thomasdigital.com/web-designers/seattle,False,
web design near me,22,https://www.crystalcoded.com/?srsltid=AfmBOopEbxO7OuwnTHqtkbgohwIRDg1SaV4aqw7fVup-zviE3VK4UpG9,False,
web design near me,23,https://www.youtube.com/watch?v=1NTKwpAVcHg,False,
web design near me,24,https://www.squarespace.com/,False,
web design near me,25,https://webflow.com/,False,
web design near me,26,https://www.canva.com/website-builder/,False,
web design near me,27,https://www.youtube.com/watch?v=j6Ule7GXaRs,False,
web design near me,28,https://99designs.com/,False,
web design near me,29,https://www.youtube.com/watch?v=llYWhiB6LMU,False,
web design near me,30,https://www.nobledesktop.com/classes-near-me/all/web-design,False,
jewelry near me,1,https://www.yelp.com/search?cflt=jewelry&find_loc=Freeland%2C+WA+98249,False,
jewelry near me,2,https://www.fredmeyerjewelers.com/?srsltid=AfmBOoryLd2FcDwjUbxfUgcJhlaxXFJoyYeRN4V3R9hfq3GpOvHja3tL,False,
jewelry near me,3,https://www.kay.com/?srsltid=AfmBOorx8tcolq3LSlOZcMUaMzqp_TKCZMU04d1B20OuujTmTyU-qK4o,False,
jewelry near me,4,https://www.warrenjewelers.net/?srsltid=AfmBOorbL7dXe6AC2lyiU1YkXImSFx2mQWfJwqEMkdW9qbD4OHPK4pcy,False,
jewelry near me,5,https://www.geraldsjewelry.com/?srsltid=AfmBOorZmx_lvKhhk2l1XH77swFFXuK_yfhaH7nwnhbLAehAo-e_5NNG,False,
jewelry near me,6,https://stores.jared.com/wa/lynnwood/414,False,
jewelry near me,7,https://www.danielsjewelers.com/?srsltid=AfmBOooT7ZGeef2-E7QgoLt3UnqhtS_SuIueRkOc_jewFgHDBWzvUmtt,False,
jewelry near me,8,https://www.yelp.com/search?cflt=jewelry&find_loc=Everett%2C+WA,False,
jewelry near me,9,https://baysidejewelers.com/,False,
jewelry near me,10,https://www.target.com/c/jewelry-accessories/-/N-5xtbm,False,
jewelry near me,11,/search?num=32,False,
jewelry near me,12,https://www.kendrascott.com/?srsltid=AfmBOoqZ9d6lpPRNu5ECjkVnHdjteaubz5CRrGyTD9PY30DVeBhbTuvr,False,
jewelry near me,13,https://us.pandora.net/?srsltid=AfmBOorZhKVmqIAzBtbEBxqoQpBW1G_vKPDa2a4eftdyNFxcAw8jFzXP,False,
jewelry near me,14,https://www.lindswhidbeyisland.com/linds-jewelry,False,
jewelry near me,15,https://www.gorjana.com/?srsltid=AfmBOopmT_rxzWXX-YQNS7NAaE7WHEmxkYAIQ-aENVRMkjRA2G42UX00,False,
jewelry near me,16,https://www.charlesfinejewelry.com/,False,
jewelry near me,17,https://marlowsfinejewelry.com/snoqualmie/,False,
jewelry near me,18,https://www.cartier.com/en-us/home,False,
jewelry near me,19,https://www.jcpenney.com/d/jewelry-and-watches,False,
jewelry near me,20,https://www.bbb.org/near-me/jewelry-stores,False,
jewelry near me,21,https://www.zales.com/,False,
jewelry near me,22,https://www.shaneco.com/jewelry-store-finder,False,
jewelry near me,23,https://www.reeds.com/?srsltid=AfmBOoqF8nrZ3h844nw8T4C2_jUG-Qd2EuF5y4dMXgP_RGXIFwt6Tyxq,False,
jewelry near me,24,https://www.zalesoutlet.com/?srsltid=AfmBOop-Rq3I-xmxl7MOFF_kfgfTAkl32Ow9z_vi76RigcdYVJvXpfaS,False,
jewelry near me,25,/search?num=22,False,
jewelry near me,26,https://www.shaneco.com/jewelry-store-finder,False,
jewelry near me,27,https://www.zalesoutlet.com/?srsltid=AfmBOooN1jHBjMxjX64syv8a3kOwO6_weJErVay0fiRBXJqIoR7GOwMu,False,
jewelry near me,28,https://signetjewelers.com/our-home/default.aspx,False,
jewelry near me,29,https://www.bluenile.com/jewelry-stores?srsltid=AfmBOorqblqTNnru1EYS1DR-4xX2PSO4zO3_kc9EL557qIDq7gbwqGjN,False,
jewelry near me,30,https://www.jcpenney.com/d/jewelry-and-watches,False,
tax services near me,1,https://www.hrblock.com/local-tax-offices/washington/freeland/18205-hwy-525/14423/?srsltid=AfmBOoq76Z529q9Z1RPtv3guaWnVqo2pzDsZhbY_-Fenog2AecUzeLzg,False,
tax services near me,2,https://office.jacksonhewitt.com/en/office-locator,False,
tax services near me,3,https://www.yelp.com/search?cflt=taxservices&find_loc=Whidbey+Island%2C+WA,False,
tax services near me,4,https://www.irs.gov/individuals/free-tax-return-preparation-for-qualifying-taxpayers,False,
tax services near me,5,https://office.jacksonhewitt.com/tax-preparation-services-locations/en/wa/oak-harbor/1250-sw-erie-street/52319,False,
tax services near me,6,https://www.aarp.org/money/taxes/aarp-taxaide/locations/,False,
tax services near me,7,https://www.libertytax.com/,False,
tax services near me,8,https://apps.irs.gov/app/freeFile/browse-all-offers/,False,
tax services near me,9,https://www.bbb.org/near-me/tax-return-preparation,False,
tax services near me,10,https://www.yelp.com/search?find_desc=Tax+Preparation&find_loc=Kirkland%2C+WA,False,
tax services near me,11,https://myfreetaxes.com/,False,
tax services near me,12,https://www.militaryonesource.mil/financial-legal/taxes/,False,
tax services near me,13,https://www.taxact.com/,False,
tax services near me,14,https://www.getyourrefund.org/en,False,
tax services near me,15,https://www.militaryonesource.mil/benefits/volunteer-income-tax-assistance-program/,False,
tax services near me,16,https://www.hrblock.com/local-tax-offices/washington/oak-harbor/1331-sw-barlow-st/14422/?srsltid=AfmBOoqoW-lO9pRjy7YdR3065U8rMbuZivy6L01QP9zHBmqqJsQmus3S,False,
tax services near me,17,https://turbotax.intuit.com/,False,
tax services near me,18,https://www.whidbeyislandtaxaccountant.com/,False,
tax services near me,19,https://www.libertytax.com/online/compare,False,
tax services near me,20,https://www.whidbeylocal.com/listing/view/98753/tamera-lewis-tax-accounting-services-llc,False,
tax services near me,21,https://whidbeycpa.com/,True,DCA Tax Planning
tax services near me,22,https://www.jmtaxservices.com/,True,JM Tax Services
tax services near me,23,https://huddlestontaxcpas.com/cpa-in-kirkland/,False,
tax services near me,24,https://www.walmart.com/cp/tax-prep-services/1091305,False,
tax services near me,25,https://dor.wa.gov/contact,False,
tax services near me,26,https://www.sfctaxservice.com/,False,
tax services near me,27,https://irs.treasury.gov/rpo/rpo.jsf,False,
tax services near me,28,https://island-tax.com/,False,
tax services near me,29,https://www.cpabellingham.com/income-tax-preparation-services.htm,False,
tax services near me,30,https://cashoregon.org/,False,
B2B consulting near me,1,https://m.yelp.com/search?cflt=businessconsulting&find_loc=Redmond%2C+WA,False,
B2B consulting near me,2,https://businesstalentgroup.com/services/b2b-services-consultants/,False,
B2B consulting near me,3,https://theb2bmarketer.com/,False,
B2B consulting near me,4,https://www.thumbtack.com/k/small-business-consultants/near-me,False,
B2B consulting near me,5,https://www.funnelclarity.com/programs/b2b-sales-consulting,False,
B2B consulting near me,6,https://www.edmarshconsulting.com/b2b-sales-consulting,False,
B2B consulting near me,7,https://www.mckinsey.com/,False,
B2B consulting near me,8,https://m.yelp.com/search?find_desc=Business+Consulting&find_loc=Glacier%2C+WA,False,
B2B consulting near me,9,https://xgrowth.com.au/b2b-marketing-consultant/,False,
B2B consulting near me,10,https://www.b2bcfo.com/,False,
B2B consulting near me,11,https://pamdidner.com/b2b-marketing-consultant/,False,
B2B consulting near me,12,https://theb2bmarketer.com/services/,False,
B2B consulting near me,13,https://salesbread.com/b2b-sales-consultant/,False,
B2B consulting near me,14,/search?num=32,False,
B2B consulting near me,15,https://pamdidner.com/b2b-marketing-consultant/,False,
B2B consulting near me,16,https://theb2bmarketer.com/services/,False,
B2B consulting near me,17,https://salesbread.com/b2b-sales-consultant/,False,
B2B consulting near me,18,https://scislak.com/en/business-consulting-for-b2b-and-b2c/,False,
B2B consulting near me,19,https://www.elevatedthird.com/b2b-consulting,False,
B2B consulting near me,20,https://www.reddit.com/r/SaaS/comments/193ct5n/any_good_dev_agencies_consulting_firms_which/,False,
B2B consulting near me,21,https://www.ziprecruiter.com/n/B2B-Marketing-Consultant-Jobs-Near-Me,False,
B2B consulting near me,22,https://caremaconsulting.com/,False,
B2B consulting near me,23,https://www.ai-bees.io/post/b2b-sales-consulting-strategies-for-saas-companies,False,
B2B consulting near me,24,https://www.prosalesconnection.com/sales-process-consulting,False,
B2B consulting near me,25,https://www.consultingsuccess.com/best-consulting-courses,False,
B2B consulting near me,26,https://www.linkedin.com/posts/ryanghall_fridaysolved-clutchchampion-consulting-activity-7222117419178168320-PzOw,False,
B2B consulting near me,27,https://saleshive.com/blog/b2b-sell-consulting-services-cold-calls/,False,
B2B consulting near me,28,https://www.youtube.com/watch?v=1e82ZX7rkQw,False,
B2B consulting near me,29,https://bigbusinessagency.com/insights/b2b-sales-consulting-services,False,
B2B consulting near me,30,https://drmichellemazur.com/2024/08/building-relationships-b2b-consultant.html,False,
landscaping services near me,1,https://m.yelp.com/search?cflt=landscaping&find_loc=Freeland%2C+WA,False,
landscaping services near me,2,https://nwlawncare.com/,False,
landscaping services near me,3,https://www.bearcreeklandscaping.com/,False,
landscaping services near me,4,https://www.yelp.com/biz/meiers-lawn-and-garden-freeland,False,
landscaping services near me,5,https://nwlawncare.com/lawn-care-and-landscaping-in-langley-wa/,False,
landscaping services near me,6,https://www.bllandscapeswhidbey.com/,False,
landscaping services near me,7,https://www.angi.com/nearme/landscaping/,False,
landscaping services near me,8,https://www.leesgenerallandscaping.com/,False,
landscaping services near me,9,https://www.hometownpnw.com/,False,
landscaping services near me,10,https://www.evergreenlandscapeoh.com/,False,
landscaping services near me,11,https://www.eaglebuildingcompany.com/landscaping,True,Eagle Landscape Company
landscaping services near me,12,https://www.bbb.org/near-me/landscape-contractors,False,
landscaping services near me,13,https://whidbeyislandlandscaping.com/landscaping/landscaping-services/,False,
landscaping services near me,14,https://www.trugreen.com/,False,
landscaping services near me,15,https://www.thumbtack.com/k/landscaping/near-me,False,
landscaping services near me,16,https://homeguide.com/landscaping,False,
landscaping services near me,17,https://order.plowzandmowz.com/,False,
landscaping services near me,18,https://www.facebook.com/BLLANDSCAPES/,False,
landscaping services near me,19,https://www.brucebelllandscaping.com/,False,
landscaping services near me,20,https://www.thumbtack.com/k/outdoor-landscaping-services/near-me,False,
landscaping services near me,21,https://www.yourgreenpal.com/,False,
landscaping services near me,22,https://www.pacificlandscapesofwhidbey.com/,True,Pacific Landscapes Of Whidbey
landscaping services near me,23,https://www.ebaislandscaping.com/,False,
landscaping services near me,24,https://weedman.com/en-us,False,
landscaping services near me,25,https://www.facebook.com/EagleLandscapeCompany/,False,
landscaping services near me,26,https://www.lawndoctor.com/,False,
landscaping services near me,27,https://whidbeystopsoil.com/,True,Whidbey'S Topsoil
landscaping services near me,28,https://www.groundsguys.com/,False,
landscaping services near me,29,https://www.houzz.com/professionals/landscape-contractors/probr0-bo~t_11812,False,
landscaping services near me,30,https://www.lowes.com/c/Landscaping-Lawn-garden,False,
event spaces near me,1,https://m.yelp.com/search?cflt=venues&find_loc=Freeland%2C+WA,False,
event spaces near me,2,https://www.eventective.com/freeland-wa/party-event-venues/,False,
event spaces near me,3,https://www.eventective.com/oak-harbor-wa/party-event-venues/,False,
event spaces near me,4,https://www.peerspace.com/venues/mill-creek--wa/party-venue,False,
event spaces near me,5,https://www.snohomishcountywa.gov/1039/Rooms-Buildings,False,
event spaces near me,6,https://www.partyslate.com/find-venues/near/lynnwood-wa-usa,False,
event spaces near me,7,https://www.royalbanquetandconferencehall.com/banquet-hall-lynwood-wa/,False,
event spaces near me,8,https://m.yelp.com/search?cflt=venues&find_loc=Camano+Island%2C+WA,False,
event spaces near me,9,https://www.biawc.com/about-baker-creek-place/,False,
event spaces near me,10,https://whidbeycamanoislands.com/meeting_venues/,False,
event spaces near me,11,https://www.peerspace.com/,False,
event spaces near me,12,https://www.millcreek.cc/special-events/our-venues,False,
event spaces near me,13,https://marketing.eventup.com/,False,
event spaces near me,14,https://www.wedding-spot.com/venue/9005/freeland-hall/,False,
event spaces near me,15,https://www.spaceneedle.com/,False,
event spaces near me,16,https://giggster.com/,False,
event spaces near me,17,https://www.daveandbusters.com/us/en/parties,False,
event spaces near me,18,https://www.hilton.com/en/events/,False,
event spaces near me,19,https://www.saratogainnlangley.com/meetings.php,True,Saratoga Inn
event spaces near me,20,https://www.alderbrookresort.com/,False,
event spaces near me,21,https://www.thefair.com/,False,
event spaces near me,22,https://www.mainevent.com/locations/,False,
event spaces near me,23,https://cafe.hardrock.com/parties-and-events.aspx,False,
event spaces near me,24,https://columbusrecparks.com/facilities/rentals/event-venues/,False,
event spaces near me,25,https://www.theknot.com/marketplace/wedding-reception-venues,False,
event spaces near me,26,https://www.marriott.com/meeting-event-hotels/meeting-planning.mi,False,
event spaces near me,27,https://www.loraincountymetroparks.com/event-spaces,False,
event spaces near me,28,https://topgolf.com/us/,False,
event spaces near me,29,https://www.tagvenue.com/us/hire/small-party-venues/los-angeles,False,
event spaces near me,30,https://www.chicagoparkdistrict.com/parks-facilities/meeting-event-spaces,False,
lodging near me,1,https://www.tripadvisor.com/Hotels-g58481-Freeland_Whidbey_Island_Washington-Hotels.html,False,
lodging near me,2,https://www.hotelplanner.com/Hotels/44231-in-Freeland-WA.html,False,
lodging near me,3,https://www.tripadvisor.com/Hotel_Review-g58481-d522625-Reviews-Harbor_Inn-Freeland_Whidbey_Island_Washington.html,False,
lodging near me,4,https://whidbeycamanoislands.com/lodging/washington/freeland-1/,False,
lodging near me,5,https://innatlangley.com/,True,The Inn At Langley
lodging near me,6,https://whidbeyisland.us/lodging-on-south-whidbey-island/,False,
lodging near me,7,https://whidbeyisland.us/whidbey-island-lodging-a-complete-guide/,False,
lodging near me,8,https://www.thecoupevilleinn.com/,False,
lodging near me,9,https://www.willowslodge.com/,False,
lodging near me,10,https://whidbeycamanoislands.com/lodging/,False,
lodging near me,11,/search?num=32,False,
lodging near me,12,https://www.hotels.com/hotels-near-me,False,
lodging near me,13,https://www.expedia.com/Freeland-Hotels.d106279.Travel-Guide-Hotels,False,
lodging near me,14,https://www.kayak.com/Oak-Harbor-Hotels.2999.hotel.ksp,False,
lodging near me,15,https://visitrainier.com/lodging/,False,
lodging near me,16,https://www.motel6.com/en/home.html,False,
lodging near me,17,https://www.nps.gov/olym/planyourvisit/lodging.htm,False,
lodging near me,18,https://www.yelp.com/nearme/lodging,False,
lodging near me,19,https://www.google.com/travel/hotels,False,
lodging near me,20,https://www.airbnb.com/,False,
lodging near me,21,https://www.dayuse.com/l/motels-near-me,False,
lodging near me,22,https://www.expedia.com/hotels-near-me,False,
lodging near me,23,https://www.hilton.com/en/,False,
lodging near me,24,https://www.trip.com/hot/motels-near-me/,False,
lodging near me,25,https://www.hotels.com/,False,
lodging near me,26,https://www.skamania.com/,False,
lodging near me,27,https://www.hotelplanner.com/Hotels-Near-Me,False,
lodging near me,28,https://www.booking.com/city/us/oak-harbor.html,False,
lodging near me,29,https://www.saratogainnlangley.com/,True,Saratoga Inn
lodging near me,30,https://www.navy-lodge.com/,False,
house painting near me,1,https://m.yelp.com/search?cflt=painters&find_loc=Freeland%2C+WA,False,
house painting near me,2,https://jeffspaintingfreeland.com/,False,
house painting near me,3,https://www.yelp.com/search?cflt=painters&find_loc=Everett%2C+WA,False,
house painting near me,4,https://www.hellopainting.co/services/kirkland-painter,False,
house painting near me,5,https://www.bbb.org/near-me/painting-contractors,False,
house painting near me,6,https://www.angi.com/nearme/exterior-painting/,False,
house painting near me,7,https://www.bwnwincpainting.com/,False,
house painting near me,8,https://www.homedepot.com/services/c/interior-painting/3a6bccf9f,False,
house painting near me,9,https://certapro.com/lynnwood/house-painters-everett-wa/,False,
house painting near me,10,https://www.groupon.com/local/house-painting?srsltid=AfmBOorZbKi2zWu7PSA-pJjis7q7PRY4gSOyyor-3-49Z2AWyOIV4S71,False,
house painting near me,11,https://www.thumbtack.com/k/residential-painters/near-me,False,
house painting near me,12,https://www.whitebrushpainting.com/,False,
house painting near me,13,https://www.angi.com/companylist/interior-painting.htm,False,
house painting near me,14,https://www.homeadvisor.com/near-me/exterior-painters/,False,
house painting near me,15,https://www.hellopainting.co/exterior-painting-lp,False,
house painting near me,16,https://certapro.com/,False,
house painting near me,17,https://www.houzz.com/professionals/painters/probr0-bo~t_27105,False,
house painting near me,18,https://jeffspaintingfreeland.com/services/exterior-interior-painting/,False,
house painting near me,19,https://homeguide.com/painting-contractors,False,
house painting near me,20,https://www.benjaminmoore.com/en-us/store-locator/10012399/painters-alley---freeland,False,
house painting near me,21,https://trustedhousepainter.com/,False,
house painting near me,22,https://www.asianpaints.com/painting-contractors.html,False,
house painting near me,23,https://www.homeadvisor.com/c.Painting.Bellingham.WA.-12054.html,False,
house painting near me,24,https://www.homedepot.com/b/Paint-Interior-Paint/N-5yc1vZbbbp,False,
house painting near me,25,https://www.lowes.com/c/Exterior-paint-Paint,False,
house painting near me,26,https://www.2atpainting.com/,False,
house painting near me,27,https://www.sherwin-williams.com/,False,
house painting near me,28,https://www.benjaminmoore.com/en-us,False,
house painting near me,29,https://www.reddit.com/r/sweatystartup/comments/x6x6o8/best_way_to_find_clients_for_house_painting/,False,
house painting near me,30,https://www.sherwin-williams.com/homeowners/products/exterior-paint-coatings/exterior-paint,False,
septic services near me,1,https://www.yelp.com/search?cflt=septicservices&find_loc=Whidbey+Island%2C+WA,False,
septic services near me,2,https://www.gabeleinbros.com/,True,Gabelein Brothers Septic Pumping L.L.C.
septic services near me,3,https://www.yelp.com/biz/bruces-septic-service-oak-harbor,False,
septic services near me,4,https://www.septicalertwa.com/,False,
septic services near me,5,https://www.allcountysepticservice.com/,False,
septic services near me,6,https://www.celticrisers.com/,True,"Celtic Risers, Inc"
septic services near me,7,https://www.metcalfesepticservice.com/,False,
septic services near me,8,https://www.angi.com/companylist/seattle/septic-tank.htm,False,
septic services near me,9,https://northsoundseptic.com/septic-pumping-for-oak-harbor-wa/,False,
septic services near me,10,https://dirtydeedsseptic.com/,False,
septic services near me,11,/search?num=32,False,
septic services near me,12,https://www.angi.com/nearme/septic-tank-cleaners/,False,
septic services near me,13,https://www.rotorooter.com/plumbing/septic-tank/,False,
septic services near me,14,https://www.brownbearsepticpumping.com/,False,
septic services near me,15,https://bakerseptic.com/,False,
septic services near me,16,https://liljohnsanitary.net/,False,
septic services near me,17,https://gatewayseptic.com/septic-tank-service-oak-harbor/,False,
septic services near me,18,https://budgetsepticinc.com/,False,
septic services near me,19,https://www.gabeleinbros.com/services,True,Gabelein Brothers Septic Pumping L.L.C.
septic services near me,20,https://www.burkesepticpumping.com/septic-company-lynden-wa/,False,
septic services near me,21,https://liljohnsanitary.net/septic-tank-pumping-bellingham-whatcom-skagit-county/,False,
septic services near me,22,https://farmersseptic.com/,False,
septic services near me,23,https://homeguide.com/septic-tank-pumping,False,
septic services near me,24,https://www.thumbtack.com/k/septic-tank-services/near-me,False,
septic services near me,25,https://lasvegassepticservice.com/,False,
septic services near me,26,https://www.snopud.com/account/services/water/,False,
septic services near me,27,https://www.arnoldssepticsystems.com/,False,
septic services near me,28,https://www.wrenvironmental.com/north-orlando-fl/,False,
septic services near me,29,https://cavaliersepticservice.com/,False,
septic services near me,30,https://www.smithsseptichanoverpa.com/,False,
home construction near me,1,"https://www.trulia.com/for_sale/Freeland,WA/new_homes_lt/",False,
home construction near me,2,https://www.redfin.com/city/30785/WA/Whidbey-Island/new-homes,False,
home construction near me,3,https://www.zillow.com/oak-harbor-wa/new-homes/,False,
home construction near me,4,https://www.homes.com/island-county-wa/new-construction/,False,
home construction near me,5,https://www.zillow.com/whidbey-island-wa/new-homes/,False,
home construction near me,6,https://hilinehomes.com/,False,
home construction near me,7,https://www.redfin.com/city/22749/WA/Freeland/amenity/new+construction,False,
home construction near me,8,https://www.eaglebuildingcompany.com/,True,Eagle Landscape Company
home construction near me,9,https://www.homes.com/freeland-wa/new-construction/,False,
home construction near me,10,https://www.newhomesource.com/,False,
home construction near me,11,https://www.pulte.com/,False,
home construction near me,12,https://www.tollbrothers.com/,False,
home construction near me,13,https://www.trulia.com/WA/Freeland/,False,
home construction near me,14,https://www.kbhome.com/,False,
home construction near me,15,https://www.drhorton.com/,False,
home construction near me,16,https://www.realtor.com/realestateandhomes-search/Island-County_WA/shw-nc,False,
home construction near me,17,https://www.taylormorrison.com/,False,
home construction near me,18,https://www.ryanhomes.com/,False,
home construction near me,19,https://borenconstruction.com/,True,Leroy M. Boren Construction
home construction near me,20,https://www.boschconstructionwa.com/new-construction-homes/,False,
home construction near me,21,https://www.whidbeyislandagent.com/whidbey-island-homes,False,
home construction near me,22,https://www.schisel.com/,True,Chrysalis Custom Builders
home construction near me,23,https://www.jadecraftsmanbuilders.com/,True,Jade Craftsman Builders
home construction near me,24,https://inspirehomes.com/,False,
home construction near me,25,https://www.youtube.com/watch?v=QbdprDlkFsY,False,
home construction near me,26,https://www.lgihomes.com/,False,
home construction near me,27,https://www.epsteincustomhomes.com/,True,Epstein Custom Homes
home construction near me,28,https://www.google.com/search?num=32,False,
home construction near me,29,https://www.nahb.org/,False,
home construction near me,30,https://www.youtube.com/watch?v=D6wPIedpVeo,False,
