business,url,search_query
12 Birches Farm,https://12birchesfarm.com,"farm organic vegetables, herbs, a few flowers, and fruit Whidbey"
Abi Tschetter,https://www.abitschetter.com,marketing services marketing agency Whidbey
Abott Property,https://whidbeyislandsouthoffice.johnlscott.com,real estate realtor Whidbey
Adam Bear Healing Arts,https://www.cosmicmanbear.com,healing arts Whidbey
Aerial Whidbey,https://www.aerialwhidbey.com,general contractor construction Whidbey
Aether Advisors,https://www.aetheradvisors.com,general contractor construction Whidbey
Albert Gabelein Construction,https://www.facebook.com/p/Albert-Gabelein-Construction-LLC-100054659430914,home builder general contractor construction Whidbey
Aldermarsh,https://www.aldermarsh.net,retreats 5 acre retreat destination Whidbey
All Island Storage - Freeland,https://allislandstorage.com/storage-locations/freeland-storage-units,retail self storage Whidbey
All Set Construction,https://www.facebook.com/scot.treggett.716,remodels general contractor construction Whidbey
Alongside Ministries International,https://www.alongside.org,advancing the Christian gospel Whidbey
Amc Framing,https://www.amcframingllc.com,general contractor construction Whidbey
American Gin & Tonic Designers Association,https://www.agtda.org,food and beverages Whidbey
American Legion Auxiliary South Whidbey 141,https://www.legion.org/baseball/teams/2015/wa/304519,youth baseball Whidbey
Ananda Valenzuela,https://anandavalenzuela.org,leadership Whidbey
Ands,https://www.andsconsulting.com,nursing certifications Whidbey
Animals 24-7,https://www.animals24-7.org,investigative newspaper reporting about humane work worldwide. Whidbey
"Anthony W. Dougherty, P.S.",https://www.awdlawoffices.com,attorney Whidbey
Ap Mechanical Bartel Acquisition,https://www.apmechanical.net,general contractor construction Whidbey
Apollo Drain Service,https://www.apolloplumbing.net,general contractor construction Whidbey
Arbor Dreams,https://arbordreamstreesurgeon.com,general contractor construction Whidbey
Archipelago Consulting,http://glenrpearson.com,general contractor construction Whidbey
"Arndt & Walker, Attorneys At Law",http://kawlawyers.com,attorney Whidbey
Art Of Soil,http://www.artofsoil.com,landscape design Whidbey
Artistic Enrichment,https://artistic-enrichment.com,waldorf homeschooling Whidbey
Ash Consulting Group,https://www.hagbergconsulting.com,leadership Whidbey
"Ashley Crawford, Psyd, Pllc",http://www.drashleycrawford.com,healthcare provider counseling Whidbey
Assist In A Miracle,http://www.assistinamiracle.com,healthcare provider childbirth Whidbey
Atlantis Steam,https://www.facebook.com/atlantissteam,k-12 STEAM education Whidbey
Atomic Otter,https://atomicotter.com,full service for SBs Whidbey
Ayurveda Arts,https://www.facebook.com/p/Ayurveda-Arts-100067023071271,health Whidbey
"B. Heath Gunn, Cpa, Ps",https://www.skagitvalleydirectory.com/biz/23694/gunn-b-heath-cpa,accounting Whidbey
Babs Small Publications,https://www.babsmallpublications.com,literary Whidbey
Baby Island-Saratoga Club,https://www.babyislandsaratogaclub.org,youth scholarships Whidbey
Balanced Tax Solutions,https://balancedtax.solutions,accounting Whidbey
Bayview Farmer'S Market Association (Llc),https://www.bayviewfarmersmarket.com,retail farm Whidbey
Bayview Vision Clinic Inc,https://www.bayviewvisionclinic.com,healthcare provider optometry Whidbey
Bdub Relations,https://bdubrelations.com,uplift your brand Whidbey
Be Sweet,https://www.yelp.com/biz/be-sweet-coffee-langley,dining coffee - curbside Whidbey
Bear Nourishment,https://www.nutrome.net,health Whidbey
"Best Practice, Inc Coaching ",https://bestpracticeinc.com,leadership Whidbey
Better Balance,http://www.betterbalance.us,wellness yoga Whidbey
Bicoff-Smit Counseling Pllc,https://www.bicoffsmitcounseling.com,healthcare provider counseling Whidbey
Big Rock Construction & Remodel,https://big-rock-construction-remodel-llc.business.site,remodels general contractor construction Whidbey
Birch Label,https://birch-label.business.site,retail sticker manu Whidbey
Black Dog Black Cat,https://blackdogblackcat.com,B2B Consulting Services mgmt consulting Whidbey
Black Horse Contracting,https://www.blackhorsecontracting.com,excavation fencing outbuildings general contractor construction Whidbey
Blue Dog Catering,https://bluedogcatering.com,food services catering Whidbey
Blue Peony,https://thebluepeony.com,retail gifts Whidbey
Boatyard Inn,https://www.boatyardinn.com,lodging vacation rentals Whidbey
Brazen Dobermans,https://brazendobermans.com,dog breeder Whidbey
Breath Medicine Body Mind,https://www.breathmedicinebodymind.com,breath work Whidbey
Britt'S Fermented Foods,https://brittsfermentedfoods.com,food producer online and wholesale Whidbey
Buoy It Solutions,https://www.buoyitsolutions.com,Information Tech Whidbey
C'Est Moi Salon,https://visitlangley.com/cest-moi-salon,beauty hair salon Whidbey
Cairn Financial,https://www.cairnfinancial.com,B2B Consulting Services wealth mgmt Whidbey
Calvary Chapel Of Whidbey Island,https://www.ccwhidbey.com,"church, evangelical  Whidbey"
"Camano Plaza Gas & Lube, L.L.C.",https://www.exxon.com/en/find-station/mobil-clinton-wa-naomis-200321356?utm_source=google&utm_medium=organic&utm_campaign=gmb,retail gas Whidbey
Campfire Whidbey,https://www.campfirewhidbey.com,event spaces event venue and catering Whidbey
"Carrie Pope, Msw, Licsw, Pllc",http://www.carriepopelicsw.com,healthcare provider counseling Whidbey
Cascadia Meadows,https://www.cascadiameadows.com,wedding venue wedding venue Whidbey
Catalyst Film Consulting Inc,https://www.catalystfilmconsulting.com,film Whidbey
"Celtic Risers, Inc",https://www.celticrisers.com,septic general contractor construction Whidbey
Center For Online Safety,https://www.centerforonlinesafety.com,advocating for the online health and safety of children and teens Whidbey
Chase Scientific,https://www.chase-scientific.com,"security, robotics, food production  Whidbey"
Cheryl Keefe Real Estate Inc,https://cherylk.johnlscott.com,real estate realtor Whidbey
CK Graphic Design,https://ckgraphicdesign.com,"Creative Agency Branding, Rebranding, Marketing Campaigns, Marketing Services, Website Design & Development Assorted Signage Whidbey"
Clarity Counseling,http://www.claritycounseling.life,"I provide couples, families, and individuals of all ages with compassionate, client-focused therapy. Whidbey"
Classic Shine Auto Detailing,https://www.classicshineautodetail.com,automotive auto detailing Whidbey
Clinton Chamber Of Commerce,https://discoverclintonwa.com,tourism Whidbey
Clm Mosolino,https://mosolino.mywindermere.com,real estate realtor Whidbey
Connects Marketing Group Inc,https://connectsgroup.com,B2B Consulting Services mgmt consulting B2B Whidbey
Contemporary Classics Of Washington,http://www.contemporaryclassicsofwa.com,automotive classic cars Whidbey
Context Institute,https://www.context.org,leadership Whidbey
Contour Design Build,https://www.contourdesignbuild.com,"home construction, remodels general contractor construction Whidbey"
Cormac Mccarthy Fine Art,https://www.cormacpaints.art,gallery Whidbey
Country Plans,https://www.countryplans.com,house plans general contractor construction Whidbey
Crabby Coffee,https://crabbycoffee.org,"Coffee, curbside pickup Whidbey"
Craven Insurance,https://www.craveninsurance.com,automotive insurance Whidbey
Crosby Skin Studio,https://crosbyskinstudio.com,"beauty skin services, hair removal Whidbey"
Cru Institute,https://www.cruinstitute.org,faculty training in education Whidbey
Cultus Bay Distillery,https://cultusbaydistillery.com,"Food producer, tours, retail Whidbey"
Cultus Bay Glass,https://www.cultusbayglass.com,gallery Whidbey
Culver,https://www.culverbuilt.com,home construction general contractor construction Whidbey
Curacion Counseling Pllc,https://www.curacioncounseling.com,healthcare provider counseling Whidbey
Curtis Myers,https://www.myersgroupllc.com,B2B Consulting Services retail management services Whidbey
Custom Logging & Site Development,http://www.customloggingllc.com,logging and excavation general contractor construction Whidbey
Custom Remodel,https://www.customremodeldb.com,remodels general contractor construction Whidbey
Cyberevolution,http://www.cyberevolution.com,"real-time biophysical data acquisition, processing, and display  Whidbey"
D. Beckman Construction,https://dbeckmanconst.com,remodels general contractor construction Whidbey
Dana Macinnis Real Estate Services,https://danam.johnlscott.com/home,real estate realtor Whidbey
Dana On Whidbey L.L.C.,https://danaonwhidbey.com,real estate realtor Whidbey
DBBrad,http://dbbrad.com/dbbrad,"home builder, design services, remodels general contractor construction Whidbey"
"Debbara Monroe, Ph.D., Psychology, Pllc",https://www.pnw-psych.com,"healthcare provider psychological evaluations, testing, therapy Whidbey"
Diamondback Technology,https://diamondbacktechnology.com,engineering bulk material handling Whidbey
Diverse Design,https://diversedesign.net,marketing services web design Whidbey
Double Diamond Bodywork And Massage Pllc,http://doublediamondbodywork.com,massage massage therapist Whidbey
Dow'S Painting Inc,http://www.dowspainting.com,painting general contractor construction Whidbey
Dr. Eli Bentabou Chiropractic And Wellness Center,https://eli-bentabou-chiropractic-wellness-center.business.site,healthcare provider chiropractor Whidbey
Drewslist,https://drewslist-southwhidbey.com,"Synergizing local community A curated environment for posting events, sharing information, buying & selling, and more Whidbey"
Dungeness Construction Corporation,http://www.dungenessconstruction.com,"stormwater, paving, fencing general contractor construction Whidbey"
Eagles Eye Consultants,http://www.eagleseyeconsultants.com,B2B Consulting Services security consulting Whidbey
Edgy,https://www.soulescompany.com,home construction general contractor construction Whidbey
Edson Design,https://edsondesignllc.com,tile and natural stone installation general contractor construction Whidbey
Edward Park Dds Ps,http://langleydentalcare.com,healthcare provider dentist Whidbey
El Corral,https://www.facebook.com/ElCorralMexRest,Mexican restaurant Whidbey
Elemental Building Services,https://www.elementaldesignbuild.com,remodels general contractor construction Whidbey
Enso House,https://ensohouse.org,senior services end of life care senior services end of life care Whidbey
Eti Consulting,http://www.etitrain.com,environmental Whidbey
Experiential Consulting,https://www.outdoorrisk.com,management Whidbey
Fair Trade Outfitters,https://www.facebook.com/FairTradeOutfitters/,retail clothing Whidbey
Fare Market,https://thefaremarket.com,Southeast asian cuisine Whidbey
Feathermark,https://www.facebook.com/feathermark.woodwork,"sustainable woodworking, small timber frame construction general contractor construction Whidbey"
Fine Art Builders,https://www.fineartbuilders.com,"contractor, stone fabrication Granite, Marble, Soapstone, Quartz Countertops Whidbey"
Flat Rock Productions,https://www.flatrockproductions.com,architect general contractor construction Whidbey
Foxtail Farm,https://foxtailfarmorganics.com,"farm cut flowers, berries, produce Whidbey"
Frank Spear Photographic Art,https://spearphotoart.com,photographic art Whidbey
Freeman Wheeler,http://www.freemanwheelerllc.com,home builder general contractor construction Whidbey
Frosty Hollow Ecological Restoration,https://www.landcan.org/local-resources/Frosty-Hollow-Ecological-Restoration/57560,ecology specialists ecological restoration Whidbey
Fulton Financial Consultants,https://www.fultonfinancial.com,financial services financial services and consulting Whidbey
"Fusionspark Media, Spc",http://www.fusionspark.com,"digital services marketing, content, design Whidbey"
Gary Whitcomb.,https://www.customremodeldb.com,remodels general contractor construction Whidbey
GB Productions,https://gbpro.net,"digital services creative agency for web, mobile and logo design Whidbey"
Geoship S.P.C.,https://www.geoship.is,eco dome homes general contractor construction Whidbey
Geri'S Snack Shack,https://www.facebook.com/GerisSnackShack,Food truck Whidbey
Gerlach Construction,http://gerlachconst-inc.com,remodels general contractor construction Whidbey
Global Wildlife Resources Inc,https://wildlifecaptureandcare.com,wildlife capture (training) Whidbey
Golden Ginkgo Studio,https://wildlybelovedfoods.com/collections/golden-ginkgo-studio-by-jane-fung,retail porcelain serving bowls Whidbey
Good Heart Homes,https://www.good-heart-homes.com,property concierge services Whidbey
Greater Freeland Chamber Of Commerce,https://freelandchamber.org,chamber of commerce Whidbey
Greenbank Construction,https://www.facebook.com/GREENBANKCONSTRUCTIONLLC,excavation general contractor construction Whidbey
Greg Gilles Construction Services,https://www.greggillesconstruction.com,custom homes general contractor construction Whidbey
Grizzly Built Homes,https://grizzlybuilthomes.com,custom homes general contractor construction Whidbey
Hagglund Industries,https://hagglundww.com,window cleaning Whidbey
Hart Real Estate Services,https://jessicahartrealtor.com,real estate realtor Whidbey
Haven Illustrated,https://havenillustrated.com,landscape design general contractor construction Whidbey
Healing Circles Langley,https://healingcircleslangley.org,facilitating human connections Whidbey
Heggenes Construction,http://www.heggenesconstruction.com,custom homes general contractor construction Whidbey
Heggenes Lawn Care,https://heggeneslawncare.com,contractor lawn care Whidbey
Heritage Learning,https://www.hol.edu,professional development for educators Whidbey
Hoffelt,https://hoffelt.co,"art, gifts embroidery Whidbey"
Holmes Harbor Cellars,https://whidbeycamanoislands.com/activities/holmes-harbor-cellars,dinning winery Whidbey
Honestly Bookkeeping Inc,https://honestlybookkeepinginc.com,financial services bookkeeping Whidbey
Impact Teams International,http://www.impactkids.org,fundraising for children in developing Nations Whidbey
Ingrid Buchan Therapy Pllc,https://www.ingridbuchantherapy.com,healthcare provider ADHD and neurodivergent treatment Whidbey
International Steel Shooting Association,https://www.internationalsteelshoot.com,steel shooting Whidbey
Invitechange,https://www.invitechange.com,professional coaching leadership training Whidbey
Iron Cowbow Welding,https://www.ironcowboywelding.com,fabricator - metal welding available on customer premesis Whidbey
Island Art Glass,https://islandglassart.com,retail glass are online and retail Whidbey
Island Asphalt & Sitework,https://www.facebook.com/islandasphalt,asphalt and sitework general contractor construction Whidbey
Island Beach Access,https://www.islandbeachaccess.org,beach access Whidbey
Island Bobcat Service,https://www.islandbobcatservice.com,"Land developement clearing, roadwork, demolition Whidbey"
Island Gas Piping And Stove Installs,https://www.islandgaspiping.com,gas piping installation general contractor construction Whidbey
Island Holistic,https://www.islandsoulholistic.com,"a holistic approach of modalities for integration of body, mind, emotion and spirit   Whidbey"
Island Rowing Association,https://islandrowing.org,sports Whidbey
Island Shakespeare Festival,http://www.islandshakespearefest.org,arts Whidbey
Island Time Coffee Company,https://islandtimecoffeeco.com,food producer coffee roaster Whidbey
Island Water & Septic,https://www.bobsseptic.net,septic general contractor construction Whidbey
J J Romer Coffee Roasters,https://www.jjromerroasters.com,food producer coffee roaster Whidbey
J. Michelle Designs,https://jmichelledesigns.com,outdoor living design Whidbey
James E. Tennison Artist,https://www.jamestennison.com,oil paintings and watercolors Whidbey
"James L. Cox, Optometry",https://doctor.webmd.com/doctor/james-cox-9e060a07-5eb5-472e-bafd-8e4f66370ff3-overview,healthcare provider optometry Whidbey
"James M. Paulson, Professional Corporation",http://www.jmpaulson.com,arbitration Whidbey
JAVA Electric,https://www.javaelectric.us,electrician in Langley Whidbey
"Jess Jarris, Pllc",https://www.jessjarris.com,healthcare provider somatic counseling Whidbey
Jet Java,https://jetjava.com,Coffee curbside Whidbey
Jing+Mike Co.,http://www.jingandmike.com,literary children's books and illustrations Whidbey
JM Tax Services,https://www.jmtaxservices.com,financial services individual and corporate tax returns Whidbey
Joli Farms Quarter Horses,https://joli-farms.business.site,fitness equestrian lessons Whidbey
Js Island Real Estate,https://www.windermere.com/directory/agents/jim-tomisser,real estate realtor Whidbey
Jupiter Coffee,https://www.instagram.com/jupitercoffeewhidbey/?hl=en,Coffee Whidbey
Kaela Ann Incorporated,https://www.kaylaanncreative.com,marketing services print design Whidbey
Kalakala Co. Animation,https://kalakala.co,creative content creation Whidbey
Khaya Woodworks,https://www.khayawoodworks.com,fine furniture and cabinetry general contractor construction Whidbey
Kiseki Horse Rescue Foundation,https://www.kisekihorserescue.org,animal rescue Whidbey
KK  Financial Solutions,https://www.kkfinancialsolutions.us,financial services financial advisor Whidbey
Kriska,https://www.kriska.org,"environmental protection, education, services stream and habitat restoration and riparian construction Whidbey"
"Kristine Leigh O'Kelly Bsw, Lmp",https://dancingtreehealingandmassage.amtamembers.com,massage massage therapist Whidbey
"Kyle Fukano, D.D.S., Pllc",https://www.freelandfamilydentalwa.com,healthcare provider dental Whidbey
Lakemont Consulting Group,https://lakemontconsulting.com,B2B Consulting Services IT consulting Whidbey
Langley Main Street Association,https://langleymainstreet.org,business Whidbey
Langley Whale Center,https://www.orcanetwork.org/langley-whale-center,"celebrate Salish Sea life, gifts exhibits Whidbey"
Laura Southard Consulting,https://www.southardhr.com,"B2B Consulting, HR Strategy Whidbey"
"Law Office Of James L Carbone, Pllc",https://www.skagitvalleydirectory.com/biz/28307/carbone-james-pllc-law-office-of,attorney Whidbey
"Law Offices Of Andrew F Scott And Associates, Pllc",https://afscottlaw.com/freeland-wa-lawyer,attorney Whidbey
Leeds Consulting Group,https://leedscg.com,lead generation Whidbey
Lily Farms Catering,https://lilyfarmscatering.com,dinning catering Whidbey
Limina,https://lucindaherring.com,home funeral guide Whidbey
Lipetz Co.,https://www.compass.com/agents/jan-lipetz,real estate realtor Whidbey
Little Bean'S Toy Chest,https://www.littlebeanstoychest.com,retail handmade children's gifts Whidbey
Living Design Foundation Dba Living Design Foundation,https://www.livingdesignfoundation.org,curriculum development in education Whidbey
Local Building Source,https://www.buildingsourceinc.com,retail building supplies - cabinetry Whidbey
Lone Lake Physical Therapy,https://www.soundviewcenter.com/llpt,healthcare provider physical therapy Whidbey
Madrona Supply Co,https://www.madronasupplyco.com,retail screen printed home goods and apparel Whidbey
Maketa Wilborn Consulting,https://www.maketawilborn.com,B2B Consulting Services leadership facilitator Whidbey
Mason Strevel Construction,http://www.strevelconstruction.com,home builder general contractor construction Whidbey
Mcclure Custom Homes,http://mcclurecustomhomes.com,home builder general contractor construction Whidbey
Meg Gluckman Coaching,https://www.meggluckman.com,co-parenting and post divorce support Whidbey
Mick Olsen Corporation,http://mickolsencorp.com/index.htm,home builder general contractor construction Whidbey
Miller Custom Construction,http://www.millercustomconstruction.com,home builder general contractor construction Whidbey
Mobile Turkey Unit Of Whidbey Island,https://www.mobileturkeyunit.com,human services Whidbey
"Molly Putnam Counseling, Pllc",https://www.mollyputnam.com,healthcare provider counseling Whidbey
Moon House Reiki,https://www.moonhousereiki.com,Reiki Whidbey
Moseler Concrete,https://members.sicba.org/list/member/moseler-concrete-llc-3015,concrete general contractor construction Whidbey
Mother Mentors Of Whidbey Island,https://www.mothermentors.org,human services Whidbey
Mountains To Sound Marketing,https://mountainstosoundmarketing.com,"digital services SEO, marketing Whidbey"
Movewell Physical Therapy And Wellness,https://www.movewell-pt.com,healthcare provider physical therapy Whidbey
Moving Images Video Project,https://www.movingimages.org,peace Whidbey
Mutiny Bay Books,https://www.facebook.com/profile.php?id=100083303896536,retail bookstore in Freeland 1638 Main St. Freeland Whidbey
Mutiny Bay Plumbing,https://mutinybayplumbing.net/index.html,plumbing general contractor construction Whidbey
Nettle Forest Farm,https://www.nettleforestfarm.com,farm seasonal farmstand Whidbey
Nettlebeck Tractor Works,https://nettlebecktractorworks.com,excavation general contractor construction Whidbey
New Harmony Statistical Consulting,https://newharmonystats.com,B2B Consulting Services statistician Whidbey
Next Generation Design & Build,https://www.nextgenerationdandb.com,home builder general contractor construction Whidbey
Nichols Marine Services,https://www.nicholsms.com,marine consulting for new vessel construction Whidbey
North Cross Aluminum,https://www.facebook.com/profile.php?id=100042569666012,metal fabrication general contractor construction Whidbey
North River Concrete Pumping,https://northriverconcretepumping.com,concrete pumping general contractor construction Whidbey
Northwest Art Alliance,https://nwartalliance.org,arts Whidbey
Northwest Food Alliance Inc,https://northwestfoodalliance.com,food secure communities Whidbey
Northwest Lawn Care,https://southwhidbey.online/northwestlawncare,"lawn care, yard work general contractor construction Whidbey"
Nurses2Go,https://www.nurses2go.com,placement services for qualified Nurses Whidbey
On Your Behalf,http://www.on-your-behalf.com,senior services elder care senior services elder care Whidbey
Oneness Project,https://onenessproject.com,Dedicated to the Dances of Universal Peace Whidbey
Otherworld Children'S Media,http://www.otherworldmedia.com,"media production company for public broadcasting, educational media, alternative technology, and theatre.  Whidbey"
Paladin Partners I,https://janismachala.com,B2B Consulting Services executive coach Whidbey
Parallax Consulting Nw,https://parallaxconsulting.com,B2B Consulting Services executive coach Whidbey
Phoenix Russo Photography,https://www.phoenixrussophotography.com,photography photographer Whidbey
Pilates Collective,https://www.pilatescollective.studio/teachers,fitness pilates Whidbey
Ploof,https://www.facebook.com/PloofLLC,remodels general contractor construction Whidbey
"Price/Johnson Construction, Incorporated",https://pricejohnson.wordpress.com,home builder general contractor construction Whidbey
Prodigy Health Insurance Services,https://prodigystoploss.com,medical stop-loss coverage in all 50 states to self-funded employers with 51 or more employees. Whidbey
"Puget Sound Concrete Pumping Services, Inc",https://puget-sound-concrete-pumping.business.site,concrete pumping general contractor construction Whidbey
Quantum Edge,https://quantumedge.org,leadership Whidbey
Quicksilver Construction,https://teamqsc.com,"home construction, remodel, decks and more general contractor construction Whidbey"
Quicksilver Properties,https://whidbeyairpark.com,travel airport Whidbey
Rainy Day Flora,https://www.rainydayflora.com,garden design and installation Whidbey
Readiness To Learn,https://readinesstolearn.org,offering assistance to teachers and parents for academic support Whidbey
Rhizome Design,https://rhizomecollaborative.com,digital services digital content creation and implementation services Whidbey
Right Start Inspection Services,https://rightstartis.com,real estate home inspections Whidbey
Rippling Wildflower,https://ripplingwildflower.com,retail jewelry handmade Whidbey
Rosenkranz Productions,https://rosenkranzproductions.com,digital services digital content creation Whidbey
Safalab,https://safalab.com,nutritional supplements Whidbey
Safe Ride News Publications,https://www.saferidenews.com,educational publisher Whidbey
"Safe Seas Psychotherapy, Pllc",https://www.sound-psychotherapy.com,healthcare provider psychotherapy and counseling Whidbey
Safe Shop Tools,http://www.safeshop.com,marine tools rigging tools Whidbey
Salish Sea Physical Therapy,http://salishseapt.com,healthcare provider physical therapy Whidbey
Salty Paws Pet Services Pllc,http://www.saltypawspet.services,"pet care, beach walks pet services Whidbey"
Sarah Manchester Therapy,https://sarahmanchestertherapy.com,"healthcare provider psychotherapy, counseling Whidbey"
Savage Screen Printing,https://www.savagescreenprinting.com,screen printing and embroidery Whidbey
Science And Spirit Institute,https://scienceandspirit.institute,"promote and engage in the study and uses of energy as relates to physics, medicine, spirit, and art from the perspective of the holistic divine feminine that all is connected.  Whidbey"
"Sea Level Therapy Services, Pllc",https://www.sealeveltherapy.com,healthcare provider counseling services Whidbey
"Seaside Mental Health And Psychiatric Services, Pllc",https://www.seasidementalhealth.com,healthcare provider psychiatric services Whidbey
Serpco,https://serp.agency,marketing services marketing agency Whidbey
"Shearwater Construction, Inc",https://www.shrwtr.com,home builder general contractor construction Whidbey
Shine Pathways,https://www.shinepathways.com,academic coaching Whidbey
Sibyl Design,https://www.sibyl.com,marketing services marketing agency Whidbey
Silly Dog Studios,https://www.ritualmischief.com,herbalism Whidbey
Simmons Towing Inc,https://www.simmonstowinginc.com,automotive towing Whidbey
Skyroot Farm,http://www.skyrootfarm.com,farm CSA and online farmstand Whidbey
Sleepy Bee Farm,https://www.sleepybeefarm.com,"farm available via seasonal farm stand, Whidbey Island Grown, and Bayview Farmers Market Whidbey"
Sojourn Family Care,https://www.sojournfamilycare.com,"healthcare provider RN, newborn and postpartum services Whidbey"
Solaris Images,https://www.mlharrisphotography.com,"photography authentic, compelling images of people, industrial and architectural subjects on location for businesses, publishers and non-profits Whidbey"
Sound Business Strategies,https://soundbusinessstrategies.com,B2B Consulting Services mgmt consulting Whidbey
Sound Septic Solutions,https://www.soundsepticsolutionsllc.com,septic general contractor construction Whidbey
Sound Slope & Shoreline,https://soundslopeshoreline.com,erosion control business general contractor construction Whidbey
Soundesign Group Pllc,https://www.sdg.build,architect general contractor construction Whidbey
Sourcing The Way,https://sourcingtheway.com,B2B Consulting Services leadership coaching Whidbey
South Island Pumping,https://southislandpumping.com,septic general contractor construction Whidbey
South Whidbey Little League,https://www.southwhidbeylittleleague.com,youth youth Whidbey
South Whidbey Real Estate Services,https://southwhidbeyrealestate.com,real estate broker Whidbey
Island Seed,https://www.etsy.com/shop/IslandSeed,"Organic Flowers, Vegetables, Herbs, Plants, Bouquets, Seeds Whidbey"
South Whidbey Self Storage,https://www.southwhidbeyselfstorage.com,moving and storage storage Whidbey
South Whidbey Yacht Club Youth Sailing Association,https://swyachtclub.org,youth sports Whidbey
Spectrum Construction,http://spectrumwhidbey.com,"home builder, remodels, additions general contractor construction Whidbey"
Spunkstore,https://spunkstore.com/index.html,"food producer pumpkin seeds, spicy Whidbey"
Steller Homes,https://www.stellerhomes.com,"home builder, remodels, tiny homes general contractor construction Whidbey"
Sterling Estate Services,https://www.sterlingestateservices.com,"appraiser, personal property  Whidbey"
"Steve'S Southside Plumbing, L.L.C.",https://southsideplumbingclinton.business.site/website/southsideplumbingclinton,plumbing services general contractor construction Whidbey
Stormwater Filtration Technologies Company,https://swfiltertech.com,stormwater filtration general contractor construction Whidbey
Straka Building & Remodeling,https://www.strakabuilding.com,remodels general contractor construction Whidbey
Studio A,https://www.studioasaloninc.com,beauty hair salon Whidbey
Suitespot Consulting,https://www.suitespotconsulting.com,"digital services Netsuite, oracle Whidbey"
Summit24,https://www.summit24.com,"B2B Consulting Services marketing strategy, business strategy Whidbey"
Suzanne Leisher Realty,https://suzanne-leisher.kw.com,real estate realtor Whidbey
Swift Handyman Service,https://www.facebook.com/LennyisSwift,handyman general contractor construction Whidbey
Tanner Mcinerney Construction,http://www.weathersideconstruction.com,home builder general contractor construction Whidbey
Taproot Architects,https://www.taproot.us,architect general contractor construction Whidbey
Taylor Pension Administration,https://www.taylorpension.com,pension administration Whidbey
Techcadia,https://github.com/Techcadia,Information Tech Whidbey
Tennison Films,https://www.tennisonfilms.com,brand films Whidbey
Tevon Dubois Pllc,https://www.tevondubois.com,healthcare provider psychiatric care Whidbey
The Applique Society,https://theappliquesociety.org,applique in quilting Whidbey
The Backyard Whidbey Island,https://www.thebackyardwhidbey.org,youth gym Whidbey
The Greenbank Progressive Club,https://www.greenbankprogressiveclub.org,event spaces Whidbey
The Grounds Professionals,https://thegroundspro.com,landscaping Whidbey
The Healthy Pet,https://frommfamily.com/r/5523,retail pet store Whidbey
The Hydrodynamics Group,http://hydrodynamics-group.com,groundwater Whidbey
The Preserve At Trillium,https://www.wclt.org/projects/trillium-community-forest,land conservation Whidbey
The Quintessa,https://www.thequintessa.com,lodging Whidbey
The Rock Hair Studio,https://therockhairstudio.wixsite.com,"beauty, personalized sustainable haircare in a quiet environment amongst the trees For folks who need a low toxic, low energy, chill salon space. Whidbey"
The Shifty Sailors,https://shiftysailors.net,performing musicians Whidbey
The Star Store,https://whidbeycamanoislands.com/activities/star-store,retail groceries Whidbey
The Unitarian Universalist Congregation Of Whidbey Island,https://uucwi.org,Unitarian Universalist church Whidbey
Thelen Construction,https://www.thelen.construction,home builder general contractor construction Whidbey
Therapy With Arden Pllc,https://therapywitharden.com,healthcare provider counseling Whidbey
Thirsty Crab Brewery,https://www.thirstycrabbrewery.com,Brewery Whidbey
This Is Whidbey,https://thisiswhidbey.com,news Whidbey
Tim Criswell,https://sellingwhidbey.com,real estate realtor Whidbey
Transformational Tools,https://transformationaltools.com,spiritual guide and teachings Whidbey
Tristan J Carney,https://tristanjcarney.co,marketing services marketing agency Whidbey
Tulip And Hound Productions,https://tulipandhound.com,"literary arts, novels  Whidbey"
Turnco Wood Products,https://www.turncowoodgoods.com,retail housewares fine wood goods Whidbey
Tusubira - We Have Hope,http://www.tusubira.org,uganda Whidbey
Twisting Alders,https://twisting-alders.business.site,"foundations, concrete general contractor construction Whidbey"
Upsy Daisy,https://shop.redroosterantiquemall.com,retail antique mall Whidbey
"Useless Bay Animal Clinic, Pc.",https://www.yelp.com/biz/useless-bay-animal-clinic-freeland,veterinary clinic veterinarian Whidbey
Village Pizzeria Ii,https://www.villagepizzerialangley.com,Pizza Whidbey
Village Wine Shop,https://villagewineshops.com,Wine tasting Whidbey
Vista Diagnostics International,https://vistadx.net,medical: rapid diagnostic test development Whidbey
Vista Laboratory Services,https://vistalaboratoryservices.com,antibody and materials for lateral flow rapid tests Whidbey
Walden Lane Gourmet,https://www.waldenlanegourmet.com,retail fine Italian cooking ingredients Whidbey
Wandering Rabbit Creations,https://www.instagram.com/wandering_rabbit_creations,gifts Whidbey
Water'S Edge Family Practice & Wellness Center,https://www.watersedgewellnesscenter.com,healthcare provider women's health Whidbey
Waters Edge Landscapes,https://watersedgel.com,landscaping Whidbey
Weekdays,https://www.whidbeypreschool.com,"preschool, Montessori-based school  Whidbey"
Wellington Day School,https://www.thewellingtonschool.org,"preschool, Montessori-based school  Whidbey"
Westway Remodeling,https://www.westwayremodeling.com,remodels general contractor construction Whidbey
Whidbey Creative,https://www.whidbeycreative.com,digital marketing branding Whidbey
Whidbey Cycle Wrx,https://whidbeycyclewrx.com,automotive motorcycle repair Whidbey
"Whidbey Doughnuts, L.L.C.",https://whidbeydoughnuts.com,Donuts Whidbey
Whidbey Island Alpacas,https://www.pronkinpastures.com,retail yarn Whidbey
Whidbey Island Bagel Factory,https://www.facebook.com/whidbeyislandbagelcompany,Bagels Whidbey
Whidbey Island Bed & Breakfast Association,https://www.whidbeyislandbandb.com,bed and breakfast association Whidbey
Whidbey Island Fly Fishing Club,https://www.wiffc.com,sports Whidbey
Whidbey Life Media,https://www.whidbeylifemagazine.org,literary publisher Whidbey
Whidbey Millhouse,https://www.whidbeymillhouse.com,lumber general contractor construction Whidbey
Whidbey Moments,https://whidbeymoments.com,"gifts, decor photo art and crafts Whidbey"
Whidbey South Woodworks,https://whidbeysouthwoodworks.com,remodels general contractor construction Whidbey
"Whidbey Tractor And Chainsaw Services, L.L.C.",https://www.whidbeytractor.com,road and excavation general contractor construction Whidbey
Whidbeytronics,https://www.facebook.com/profile.php?id=100065628186609,retail electronics Whidbey
Whidby Community Hall Association,http://www.bayviewhall.org,community hall Whidbey
Wifire,https://www.facebook.com/WiFireCommunity,event spaces event spaces Whidbey
Windy Indigo Farm And Fiber,https://windyindigo.com,"farm wool, small batch Whidbey"
Wizard Woodworks,https://stores.wizardwoodworks.com,retail handmade wooden toys Whidbey
"Wood Bee Custom Carpentry, L.L.C.",https://www.facebook.com/profile.php?id=100064322401218,remodels general contractor construction Whidbey
Wright Travel,https://www.wrighttravel.com,travel agent Whidbey
Wylderwebb Sanctuary,http://www.wylderwebb.com,fitness yoga retreat Whidbey
Wymo,http://www.wylderwebb.com,yoga retreat Whidbey
X-Sound Engineering,http://www.x-soundengineering.com,engineer: civil and structural engineering firm general contractor construction Whidbey
"Young Associates Project Services, Ltd.",http://www.yaprojects.com,project management general contractor construction Whidbey
Youthbio Therapeutics,https://youthbiotx.com,research gene therapy research gene therapy Whidbey
Z-Pulley Incorporated,http://z-pulley.com,spatial software Whidbey
